Filename,Row,Columm,StartTime,EndTime,Completed,TotalTime,Memory_Physical_Median,Memory_Virtual_Median,Memory_Physical_Max,Memory_Virtual_Max
BNG(anneal_COMMA_nominal_COMMA_1000000)_OpenML,1000000,38,1686211367,1686211520,1,153,1996.666016,59155.84863,2970.250391,60418
BNG(anneal.ORIG_COMMA_nominal_COMMA_1000000)_OpenML,1000000,38,1686211521,1686211665,1,144,3015.714844,60541.91797,3046.082031,62067
BNG(kr-vs-kp)_OpenML,1000000,36,1686211666,1686211801,1,135,3106.250977,60506.98047,3133.273438,62104
BNG(labor_COMMA_nominal_COMMA_1000000)_OpenML,1000000,16,1686211802,1686211954,1,152,3158.29375,60513.99609,3171.644922,62113
BNG(letter_COMMA_nominal_COMMA_1000000)_OpenML,1000000,16,1686211955,1686212100,1,145,3163.485742,60517.99609,3180.875,62118
BNG(autos_COMMA_nominal_COMMA_1000000)_OpenML,1000000,25,1686212102,1686212218,1,116,3236.015625,60523.99609,3269.882813,62125
BNG(lymph_COMMA_nominal_COMMA_1000000)_OpenML,1000000,18,1686212219,1686212335,1,116,3258.355469,60561.83984,3283.492188,62168
BNG(breast-cancer_COMMA_nominal_COMMA_1000000)_OpenML,1000000,9,1686212336,1686212396,1,60,3289.855469,60579.26172,3522.199219,62181
BNG(mfeat-fourier_COMMA_nominal_COMMA_1000000)_OpenML,1000000,76,1686212398,1686212543,1,145,4827.257813,61935.87109,4979.914063,63470
BNG(mfeat-karhunen_COMMA_nominal_COMMA_1000000)_OpenML,1000000,64,1686212544,1686212703,1,159,4997.14375,62012.39063,4998.064063,63568
BNG(bridges_version1_COMMA_nominal_COMMA_1000000)_OpenML,1000000,12,1686212712,1686212839,1,127,5041.336133,62150.39453,5047.710938,63749
BNG(bridges_version2_COMMA_nominal_COMMA_1000000)_OpenML,1000000,12,1686212846,1686212975,1,129,5046.489648,62157.28516,5053.871094,63760
BNG(mfeat-zernike_COMMA_nominal_COMMA_1000000)_OpenML,1000000,47,1686213024,1686213182,1,158,5344.523438,62199.59766,5379.832031,63763
BNG(mushroom)_OpenML,1000000,22,1686213192,1686213347,1,155,5386.147266,62219.59766,5401.367188,63805
BNG(colic.ORIG_COMMA_nominal_COMMA_1000000)_OpenML,1000000,27,1686213362,1686213495,1,133,5540.442578,62347.76953,5567.757813,63948
BNG(colic_COMMA_nominal_COMMA_1000000)_OpenML,1000000,22,1686213512,1686213655,1,143,5571.852734,62341.44141,5582.207031,63926
BNG(optdigits)_OpenML,1000000,64,1686213700,1686213842,1,142,5525.472656,62343.44141,5528.058594,63948
BNG(credit-a_COMMA_nominal_COMMA_1000000)_OpenML,1000000,15,1686213852,1686213987,1,135,5522.90625,62596.22266,5537.527344,64186
BNG(page-blocks_COMMA_nominal_COMMA_295245)_OpenML,295245,10,1686213991,1686214026,1,35,5605.295313,63406.65449,5606.985938,64251
BNG(credit-g_COMMA_nominal_COMMA_1000000)_OpenML,1000000,20,1686214040,1686214160,1,120,5586.570313,62618.51953,5603.742188,64220
BNG(pendigits_COMMA_nominal_COMMA_1000000)_OpenML,1000000,16,1686214177,1686214315,1,138,5607.863281,62652.47266,5625.054688,64245
BNG(cylinder-bands_COMMA_nominal_COMMA_1000000)_OpenML,1000000,39,1686214335,1686214465,1,130,6683.578516,63650.72266,6690.419531,65246
BNG(dermatology_COMMA_nominal_COMMA_1000000)_OpenML,1000000,34,1686214481,1686214599,1,118,6646.917969,63605.30078,6658.604688,65219
BNG(segment)_OpenML,1000000,19,1686214612,1686214745,1,133,6671.835938,63629.34766,6674.826563,65231
BNG(sick_COMMA_nominal_COMMA_1000000)_OpenML,1000000,29,1686214757,1686214895,1,138,6654.245313,63657.23828,7070.648438,65231
BNG(sonar_COMMA_nominal_COMMA_1000000)_OpenML,1000000,60,1686214930,1686215083,1,153,7150.51543,64175.72266,7151.650391,65774
BNG(glass_COMMA_nominal_COMMA_137781)_OpenML,137781,9,1686215087,1686215130,1,43,7131.587891,65185.2168,7131.926172,65755
BNG(soybean)_OpenML,1000000,35,1686215169,1686215312,1,143,7133.787695,64226.33203,7233.507813,65716
BNG(spambase)_OpenML,1000000,57,1686215336,1686215336,0,0,,,,
BNG(heart-c_COMMA_nominal_COMMA_1000000)_OpenML,1000000,13,1686215346,1686215496,1,150,7120.026172,64104.33203,7122.177734,65706
BNG(heart-h_COMMA_nominal_COMMA_1000000)_OpenML,1000000,13,1686215514,1686215642,1,128,7104.991992,64076.95703,7105.891406,65678
BNG(trains)_OpenML,1000000,32,1686215659,1686215770,1,111,7116.132813,64085.51953,7119.394531,65683
BNG(heart-statlog_COMMA_nominal_COMMA_1000000)_OpenML,1000000,13,1686215785,1686215923,1,138,7099.026563,64148.09766,7201.628125,65680
BNG(vehicle_COMMA_nominal_COMMA_1000000)_OpenML,1000000,18,1686215939,1686216073,1,134,7241.117188,64166.05078,7257.042969,65754
BNG(hepatitis_COMMA_nominal_COMMA_1000000)_OpenML,1000000,19,1686216091,1686216246,1,155,7261.18125,64173.05078,7265.640625,65772
BNG(vote)_OpenML,131072,16,1686216250,1686216286,1,36,7261.040234,65100.72188,7263.518359,65764
BNG(hypothyroid_COMMA_nominal_COMMA_1000000)_OpenML,1000000,29,1686216295,1686216441,1,146,7243.34375,64220.86328,7928.707031,65754
BNG(ionosphere)_OpenML,1000000,34,1686216474,1686216642,1,168,8796.923828,65652.31641,8821.675781,67258
BNG(waveform-5000_COMMA_nominal_COMMA_1000000)_OpenML,1000000,40,1686216693,1686216834,1,141,9841.033203,66696.95703,9861.278516,68279
BNG(zoo_COMMA_nominal_COMMA_1000000)_OpenML,1000000,17,1686216844,1686216955,1,111,9878.354492,66701.20703,9882.1375,68306
covertype_OpenML,581012,54,1686216970,1686217048,1,78,9940.265625,66860.05078,9944.926953,68435
Hyperplane_10_1E-3_OpenML,1000000,10,1686217094,1686217259,1,165,9592.083203,67163.36582,9594.4375,68167
Hyperplane_10_1E-4_OpenML,1000000,10,1686217297,1686217453,1,156,9622.058984,67164.33379,9626.019922,68164
LED(50000)_OpenML,1000000,24,1686217468,1686217613,1,145,9644.910742,66577.63672,9652.464453,68175
pokerhand_OpenML,829201,10,1686217619,1686217713,1,94,9662.514453,66848.1459,9663.698828,68187
RandomRBF_0_0_OpenML,1000000,10,1686217753,1686217902,1,149,9678.866406,66708.41719,9682.873438,68199
RandomRBF_10_1E-3_OpenML,1000000,10,1686217984,1686218134,1,150,9691.371484,66786.14902,9724.300781,68222
RandomRBF_10_1E-4_OpenML,1000000,10,1686218187,1686218332,1,145,9724.488281,66652.32422,9729.394531,68258
RandomRBF_50_1E-3_OpenML,1000000,10,1686218377,1686218526,1,149,9704.491406,66797.26484,9715.011719,68257
RandomRBF_50_1E-4_OpenML,1000000,10,1686218578,1686218721,1,143,9714.324219,66663.29297,9719.246094,68251
SEA(50)_OpenML,1000000,3,1686218738,1686218775,1,37,9721.615625,66663.25391,9732.996094,68269
SEA(50000)_OpenML,1000000,3,1686218792,1686218830,1,38,9719.839844,66649.93359,9722.640625,68255
covertype_OpenML,110393,54,1686218836,1686218899,1,63,9631.828906,67942.72422,9633.392969,68171
BNG(anneal)_OpenML,1000000,38,1686218912,1686219049,1,137,9639.512109,66647.42109,9728.878906,68159
BNG(anneal.ORIG)_OpenML,1000000,38,1686219066,1686219183,1,117,9504.316406,66557.15234,9596.421875,68163
BNG(labor)_OpenML,1000000,16,1686219206,1686219339,1,133,9610.416406,66642.40234,9648.000781,68200
BNG(letter)_OpenML,1000000,16,1686219376,1686219518,1,142,9655.058594,66642.18359,9659.940625,68248
BNG(autos)_OpenML,1000000,25,1686219573,1686219711,1,138,9663.613281,66690.58594,9668.455859,68280
BNG(lymph)_OpenML,1000000,18,1686219720,1686219866,1,146,9680.536719,66697.27344,9683.322266,68296
BNG(mfeat-fourier)_OpenML,1000000,76,1686220106,1686220256,1,150,7161.925781,64430.78906,7166.775,66037
BNG(mfeat-karhunen)_OpenML,1000000,64,1686220480,1686220625,1,145,8044.980469,65309.87109,8061.75,66911
BNG(bridges_version1)_OpenML,1000000,12,1686220641,1686220800,1,159,8073.844922,65324.96484,8093.109375,66916
BNG(mfeat-zernike)_OpenML,1000000,47,1686220914,1686221076,1,162,8707.248828,66063.10547,8711.337109,67669
BNG(colic.ORIG)_OpenML,1000000,27,1686221119,1686221245,1,126,8689.113281,66050.01172,8692.824219,67654
BNG(colic)_OpenML,1000000,22,1686221286,1686221441,1,155,8695.335938,66078.68359,8703.136719,67655
BNG(credit-a)_OpenML,1000000,15,1686221469,1686221636,1,167,8724.722266,66223.22734,9384.21875,67688
BNG(page-blocks)_OpenML,295245,10,1686221652,1686221722,1,70,9248.601563,66802.66797,9426.664063,68200
BNG(credit-g)_OpenML,1000000,20,1686221749,1686221881,1,132,7313.054688,64678.24609,7317.798047,66284
BNG(pendigits)_OpenML,1000000,16,1686221941,1686222087,1,146,7110.791016,64477.54297,7131.085938,66076
BNG(cylinder-bands)_OpenML,1000000,39,1686222161,1686222310,1,149,8270.035156,65615.54297,8274.800781,67188
BNG(dermatology)_OpenML,1000000,34,1686222328,1686222465,1,137,8312.182422,65636.29297,8312.677734,67239
BNG(sonar)_OpenML,1000000,60,1686222671,1686222817,1,146,9230.491992,66548.20703,9231.314844,68150
BNG(glass)_OpenML,137781,9,1686222831,1686222877,1,46,9268.882813,67671.26992,9269.360156,68169
BNG(heart-c)_OpenML,1000000,13,1686261432,1686261599,1,167,1633.25,58622.49375,2348.660156,60026
20_newsgroups.drift_OpenML,399940,1001,1686261796,1686261863,1,67,3394.921094,66407.93945,3832.585938,67851
KDDCup99_OpenML,494020,41,1686261896,1686261974,1,78,3181.804297,66071.49297,3470.5625,67412
airlines_OpenML,539383,7,1686261981,1686262015,1,34,3534.467188,66187.44922,3537.782422,67783
BNG(solar-flare)_OpenML,663552,12,1686262053,1686262157,1,104,3536.428125,66119.85547,3792.347656,67729
BNG(2dplanes)_OpenML,177147,10,1686262163,1686262206,1,43,3833.533594,67093.84844,3838.054688,67805
BNG(breastTumor)_OpenML,116640,9,1686262213,1686262266,1,53,3832.615234,67552.89063,3842.710938,67824
BNG(pwLinear)_OpenML,177147,10,1686262292,1686262333,1,41,3870.068359,67463.54844,3965.099219,67883
BNG(wine_quality)_OpenML,531441,11,1686262355,1686262463,1,108,4123.611523,66467.51406,4311.949219,67921
Click_prediction_small_OpenML,149639,11,1686262470,1686262501,1,31,4341.667969,67708.78789,4342.463672,68422
Click_prediction_small_OpenML,399482,11,1686262545,1686262612,1,67,4495.568359,66943.35547,4502.097656,68549
Click_prediction_small_OpenML,798964,9,1686262633,1686262715,1,82,4499.608203,66940.13672,4504.268359,68546
ldpa_OpenML,164860,7,1686262773,1686262785,1,12,4393.807813,67007.60625,4394.506641,68318
skin-segmentation_OpenML,245057,3,1686262802,1686262811,1,9,4347.688672,66751.76055,4350.204688,68168
spoken-arabic-digit_OpenML,263256,14,1686262827,1686262881,1,54,4472.948438,67522.54102,4503.996094,68345
walking-activity_OpenML,149332,4,1686262900,1686262909,1,9,4537.749609,67606.68828,4539.75,68396
creditcard_OpenML,284807,29,1686263247,1686263307,1,60,4698.552734,69320.67852,4780.714844,70330
Diabetes130US_OpenML,101766,49,1686263339,1686263372,1,33,4977.416797,70067.08008,4978.430859,70504
Buzzinsocialmedia_Twitter_OpenML,583250,77,1686263421,1686263513,1,92,6314.329297,70061.05117,6710.363281,71476
COMET_MC_SAMPLE_OpenML,761940,4,1686263734,1686263763,1,29,7125.497656,70295.24609,7137.600781,71909
20_newsgroups.drift_OpenML,399940,1000,1686263896,1686263977,1,81,11758.34766,73145.08633,12505.39922,74077
fars_OpenML,100968,29,1686263993,1686264022,1,29,10267.55664,72229.1207,10268.00117,72544
EMNIST_Balanced_OpenML,131600,784,1686264102,1686264168,1,66,11132.28359,73202.5957,11140.17344,73271
MiniBooNE_OpenML,130064,50,1686264247,1686264296,1,49,11225.98594,72807.10625,11227.03125,73281
dionis_OpenML,416188,60,1686264330,1686264401,1,71,11227.13086,71812.0625,11318.31641,73308
Klaverjas2018_OpenML,981541,32,1686264450,1686264609,1,159,11410.8668,71864.125,11488.58203,73442
black_friday_OpenML,166821,9,1686264631,1686264671,1,40,11189.04297,72656.16836,11266.91797,73205
airlines_OpenML,539383,7,1686264679,1686264710,1,31,11340.86484,71681.90625,11384.24609,73288
Kuzushiji-49_OpenML,270912,784,1686265946,1686266021,1,75,13628.10723,74608.81016,15237.30078,75468
CreditCardFraudDetection_OpenML,284807,30,1686266270,1686266327,1,57,13330.48184,74113.83281,13341.44844,75187
sf-police-incidents_OpenML,538638,6,1686266429,1686266459,1,30,13237.93359,73530.79297,13297.67578,75103
aloi_OpenML,108000,128,1686266570,1686266611,1,41,13325.82227,74909.47148,13326.03008,75208
CreditCardFraudDetection_OpenML,284807,30,1686266650,1686266705,1,55,13404.9293,74089.9332,13472.69922,75316
SantanderCustomerSatisfaction_OpenML,200000,201,1686266801,1686266867,1,66,13613.53125,74091.57852,13646.94531,75293
hls4ml_lhc_jets_hlf_OpenML,830000,16,1686266974,1686267122,1,148,13755.97656,74098.1043,14281.56641,75563
medical_charges_nominal_OpenML,163065,11,1686267130,1686267185,1,55,13700.82129,74916.35605,13702.77109,75469
Allstate_Claims_Severity_OpenML,188318,130,1686267201,1686267245,1,44,11294.87305,72332.61016,11382.25898,73029
RelevantImagesDatasetTEST_OpenML,134731,30,1686267253,1686267290,1,37,11216.73574,72471.36133,11217.45352,72963
Yolanda_OpenML,400000,100,1686267424,1686267518,1,94,12299.65859,73183.35781,12314.82109,74074
nyc-taxi-green-dec-2016_OpenML,581835,18,1686267532,1686267626,1,94,12184.43984,72355.2207,12185.52891,73914
30mlday_OpenML,300000,24,1686267822,1686267872,1,50,12183.96484,72292.77734,12194.4125,73906
Porto_Seguro_Safe_Driver_Prediction_2nd_Place_Lightgbm_Solution_OpenML,595212,223,1686267932,1686268017,1,85,13896.11875,74073.39844,13958.03906,75675
SGEMM_GPU_kernel_performance_OpenML,241600,17,1686268069,1686268130,1,61,13706.58398,74875.02305,13763.91563,75422
CovPokElec_OpenML,1455525,72,1686745769,1686745966,1,197,5279.445313,62380.71563,6194.122656,63742
BNG(heart-statlog)_OpenML,1000000,13,1686745974,1686746131,1,157,1289,58009.12188,2428.921875,59419
BNG(vehicle)_OpenML,1000000,18,1686746140,1686746283,1,143,1630.776367,59562.91094,2761.164063,61000
BNG(hepatitis)_OpenML,1000000,19,1686746292,1686746433,1,141,1735.539063,58368.43867,2844.503348,59820
BNG(waveform-5000)_OpenML,1000000,40,1686746441,1686746578,1,137,2655.742188,59393.88281,3238.546875,60835
BNG(zoo)_OpenML,1000000,16,1686746587,1686746722,1,135,1351.964453,58982.98438,2423.070313,60438
KDDCup99_full_OpenML,4898431,41,1686746796,1686747961,1,1165,20349.24805,81784.71484,21310.48633,81784
BNG(primary-tumor)_OpenML,1000000,17,1686747969,1686748119,1,150,1214.363281,58724.81875,2153.273438,60199
BNG(spect_test)_OpenML,1000000,22,1686748126,1686748290,1,164,1317.397656,57763.67031,2354.300781,59102
BNG(spectf_test)_OpenML,1000000,44,1686748298,1686748461,1,163,2506.625781,59259.22266,3573.96875,60614
BNG(adult)_OpenML,1000000,14,1686748470,1686748640,1,170,1480.245117,58365.625,2567.300781,59697
BNG(satimage)_OpenML,1000000,36,1686748649,1686748824,1,175,2311.124219,59080.08574,3408.699219,60506
BNG(wine)_OpenML,1000000,13,1686748839,1686748976,1,137,1333.180273,58884.31328,2544.40625,60375
BNG(eucalyptus)_OpenML,1000000,19,1686748985,1686749117,1,132,1673,58967.38672,2618.646484,60400
BNG(wisconsin)_OpenML,1000000,32,1686749126,1686749296,1,170,1953.644141,58753.53516,2783.96875,60246
BNG(cleveland)_OpenML,1000000,13,1686749305,1686749485,1,180,1486.115625,58534.12891,2559.390625,59976
BNG(auto_price)_OpenML,1000000,15,1686749493,1686749670,1,177,1408.526758,57931.42832,2691.117188,59327
BNG(cpu_act)_OpenML,1000000,21,1686749679,1686749867,1,188,1915.265625,58663.24961,2812.329688,60053
BNG(pbc)_OpenML,1000000,18,1686749875,1686750019,1,144,1526.03125,58826.95078,2478.801953,60254
BNG(autoHorse)_OpenML,1000000,25,1686750028,1686750182,1,154,1921.801172,59467.5875,2572.454297,60967
BNG(cholesterol)_OpenML,1000000,13,1686750189,1686750353,1,164,1358.450391,58154.86055,2473.40625,59579
BNG(autoPrice)_OpenML,1000000,15,1686750362,1686750540,1,178,1385.864453,58052.13945,2437.617188,59430
BNG(pharynx)_OpenML,1000000,10,1686750548,1686750678,1,130,745.7953125,57584.75723,1765.555469,58956
BNG(elevators)_OpenML,1000000,18,1686750686,1686750841,1,155,1634.322461,59015.97266,2334.139757,60485
BNG(cpu_small)_OpenML,1000000,12,1686750848,1686751027,1,179,1227.010156,58182.08516,2384.710938,59522
BNG(Australian)_OpenML,1000000,14,1686751034,1686751164,1,130,1284.046875,58828.06094,1867.928223,60306
BNG(satellite_image)_OpenML,1000000,36,1686751172,1686751321,1,149,2254.214844,58800.85,3285.933594,60279
BNG(Ailerons)_OpenML,1000000,40,1686751330,1686751497,1,167,2465.621094,58986.91797,3450.484375,60365
BNG(libras_move)_OpenML,1000000,90,1686751509,1686751695,1,186,3510.016602,60301.95703,4250.535156,61837
BNG(vowel)_OpenML,1000000,12,1686751703,1686751826,1,123,1133.939063,58512.40391,1624.457031,60049
BNG(puma32H)_OpenML,1000000,32,1686751836,1686752014,1,178,1986.067578,59360.33203,2391.176172,60910
BNG(SPECT)_OpenML,1000000,22,1686752022,1686752188,1,166,1338.265039,58093.64102,2183.898438,59500
BNG(SPECTF)_OpenML,1000000,44,1686752198,1686752370,1,172,2606.429688,58740.01328,3521.195313,60095
BNG(JapaneseVowels)_OpenML,1000000,14,1686752379,1686752536,1,157,1308.626563,58268.04883,2508.371094,59658
BNG(anneal_COMMA_1000_COMMA_1)_OpenML,1000000,38,1686752594,1686752725,1,131,2253.76582,59702.7,3294.609375,61231
BNG(anneal_COMMA_1000_COMMA_5)_OpenML,1000000,38,1686752735,1686752861,1,126,2265.285156,60011.75313,3409.042969,61443
BNG(anneal_COMMA_1000_COMMA_10)_OpenML,1000000,38,1686752871,1686752996,1,125,2292.441602,59716.93379,3332.464844,61186
BNG(anneal_COMMA_5000_COMMA_1)_OpenML,1000000,38,1686753006,1686753136,1,130,2410.023438,59371.64297,3358.820313,60739
BNG(anneal_COMMA_5000_COMMA_5)_OpenML,1000000,38,1686754302,1686754435,1,133,2350.289063,59335.54766,3276.167969,60792
BNG(anneal_COMMA_5000_COMMA_10)_OpenML,1000000,38,1686754443,1686754569,1,126,2308.308984,59375.08594,3457.261328,60783
BNG(anneal_COMMA_10000_COMMA_1)_OpenML,1000000,38,1686754577,1686754707,1,130,2273.691406,59571.64766,3150.921875,61070
BNG(anneal_COMMA_10000_COMMA_5)_OpenML,1000000,38,1686754717,1686754843,1,126,2280.773438,59483.86328,3210.75,60921
BNG(anneal_COMMA_10000_COMMA_10)_OpenML,1000000,38,1686754852,1686754989,1,137,2379.096875,59654.44961,3401.289063,60994
BNG(anneal.ORIG_COMMA_1000_COMMA_1)_OpenML,1000000,38,1686754998,1686755139,1,141,2357.417188,59704.76875,3348.171875,61057
BNG(anneal.ORIG_COMMA_1000_COMMA_5)_OpenML,1000000,38,1686755148,1686755281,1,133,2279.613281,59079.36133,3195.460938,60582
BNG(anneal.ORIG_COMMA_1000_COMMA_10)_OpenML,1000000,38,1686755290,1686755433,1,143,2441.256641,59644.44922,3352.6875,60901
BNG(anneal.ORIG_COMMA_5000_COMMA_1)_OpenML,1000000,38,1686755442,1686755597,1,155,2282.078125,60208.12617,3307.729004,61594
BNG(anneal.ORIG_COMMA_5000_COMMA_5)_OpenML,1000000,38,1686755604,1686755759,1,155,2322.661914,58786.49805,3477.011719,60051
BNG(anneal.ORIG_COMMA_5000_COMMA_10)_OpenML,1000000,38,1686755768,1686755899,1,131,2275.183594,59801.86406,3289.996094,61329
BNG(anneal.ORIG_COMMA_10000_COMMA_1)_OpenML,1000000,38,1686755909,1686756048,1,139,2588.109375,60204.68906,3075.609375,61483
BNG(anneal.ORIG_COMMA_10000_COMMA_5)_OpenML,1000000,38,1686756057,1686756191,1,134,2534.597656,59302.85547,3042.294922,60542
BNG(anneal.ORIG_COMMA_10000_COMMA_10)_OpenML,1000000,38,1686756199,1686756325,1,126,2314.802148,59074.12344,3480.542969,60485
BNG(kr-vs-kp_COMMA_1000_COMMA_1)_OpenML,1000000,36,1686756334,1686756494,1,160,2099.527344,36745.69922,2480.660156,59230
BNG(kr-vs-kp_COMMA_1000_COMMA_5)_OpenML,1000000,36,1686756503,1686756682,1,179,2099.558594,36745.70313,2479.155859,59148
BNG(kr-vs-kp_COMMA_1000_COMMA_10)_OpenML,1000000,36,1686756691,1686756846,1,155,2099.53125,36745.70313,2460.3,58140
BNG(kr-vs-kp_COMMA_5000_COMMA_1)_OpenML,1000000,36,1686756854,1686757003,1,149,2099.570313,36745.70703,2377.054297,59494
BNG(kr-vs-kp_COMMA_5000_COMMA_5)_OpenML,1000000,36,1686757012,1686757168,1,156,2099.555273,36745.70703,2408.273438,58862
BNG(kr-vs-kp_COMMA_5000_COMMA_10)_OpenML,1000000,36,1686757177,1686757342,1,165,2099.546875,36745.70703,2360.742188,58470
BNG(kr-vs-kp_COMMA_10000_COMMA_1)_OpenML,1000000,36,1686757351,1686757513,1,162,2099.425781,36745.70703,2507.889063,59176
BNG(kr-vs-kp_COMMA_10000_COMMA_5)_OpenML,1000000,36,1686757521,1686757681,1,160,2099.410156,36745.71094,2460.476563,58477
BNG(kr-vs-kp_COMMA_10000_COMMA_10)_OpenML,1000000,36,1686757690,1686757851,1,161,2099.429688,36745.71094,2390.164063,58159
BNG(letter_COMMA_1000_COMMA_1)_OpenML,1000000,16,1686757859,1686758017,1,158,2099.378906,36745.71484,2099.492188,36745
BNG(letter_COMMA_1000_COMMA_5)_OpenML,1000000,16,1686758025,1686758178,1,153,2099.105469,36745.71484,2474.125,58495
BNG(letter_COMMA_1000_COMMA_10)_OpenML,1000000,16,1686758185,1686758348,1,163,2099.164063,36745.71875,2099.253906,36746
BNG(letter_COMMA_5000_COMMA_1)_OpenML,1000000,16,1686758359,1686758516,1,157,2098.503125,36745.72266,2328.009115,58878
BNG(letter_COMMA_5000_COMMA_5)_OpenML,1000000,16,1686758524,1686758679,1,155,2098.496094,36745.72266,2173.048828,58411
BNG(letter_COMMA_5000_COMMA_10)_OpenML,1000000,16,1686758687,1686758840,1,153,2098.410156,36745.72266,2117.082031,54206
BNG(letter_COMMA_10000_COMMA_1)_OpenML,1000000,16,1686758847,1686759005,1,158,2098.363281,36745.72266,2171.746094,58680
BNG(letter_COMMA_10000_COMMA_5)_OpenML,1000000,16,1686759014,1686759167,1,153,2042.964844,36745.72266,2043.097656,36745
BNG(letter_COMMA_10000_COMMA_10)_OpenML,1000000,16,1686759176,1686759336,1,160,1985.296875,36745.72656,2156.824219,59099
BNG(audiology_COMMA_1000_COMMA_1)_OpenML,1000000,69,1686759344,1686759498,1,154,2579.914063,58544.13516,3532.628906,59924
BNG(audiology_COMMA_1000_COMMA_5)_OpenML,1000000,69,1686759507,1686759647,1,140,2623.559375,59045.02734,3193.179688,60395
BNG(audiology_COMMA_1000_COMMA_10)_OpenML,1000000,69,1686759656,1686759802,1,146,2684.960938,59275.27598,3587.78776,60674
BNG(audiology_COMMA_5000_COMMA_1)_OpenML,1000000,69,1686759811,1686759970,1,159,2729.970703,58925.55547,3865.816406,60327
BNG(audiology_COMMA_5000_COMMA_5)_OpenML,1000000,69,1686759980,1686760122,1,142,2575.023438,58888.53906,3502.439174,60297
BNG(audiology_COMMA_5000_COMMA_10)_OpenML,1000000,69,1686760131,1686760298,1,167,2561.507813,59253.56953,3364.233203,60628
BNG(autos_COMMA_1000_COMMA_1)_OpenML,1000000,25,1686760307,1686760574,1,267,2103.296094,58950.64844,2895.014648,59626
BNG(autos_COMMA_1000_COMMA_5)_OpenML,1000000,25,1686760582,1686760723,1,141,2074.668359,59360.27734,2874.3125,60029
BNG(autos_COMMA_1000_COMMA_10)_OpenML,1000000,25,1686760731,1686760868,1,137,1984.476563,36801.91406,2765.59375,59917
BNG(autos_COMMA_5000_COMMA_1)_OpenML,1000000,25,1686760877,1686761054,1,177,2067.027344,59413.98828,2769.824219,59970
BNG(autos_COMMA_5000_COMMA_5)_OpenML,1000000,25,1686761062,1686762026,1,964,2123.092188,59246.82422,3116.324219,60022
BNG(autos_COMMA_5000_COMMA_10)_OpenML,1000000,25,1686762035,1686762181,1,146,2087.333594,59024.45313,2863.746094,59624
BNG(autos_COMMA_10000_COMMA_1)_OpenML,1000000,25,1686762190,1686762344,1,154,2098.884766,59267.28906,3103.942383,59989
BNG(autos_COMMA_10000_COMMA_5)_OpenML,1000000,25,1686762353,1686762490,1,137,1987.941406,36792.28125,2780.324219,59680
BNG(autos_COMMA_10000_COMMA_10)_OpenML,1000000,25,1686762499,1686762656,1,157,2106.704297,59013.36719,3146.405692,59789
BNG(lymph_COMMA_1000_COMMA_1)_OpenML,1000000,18,1686762664,1686762796,1,132,1987.5,36792.28516,2032.178385,58635
BNG(lymph_COMMA_1000_COMMA_5)_OpenML,1000000,18,1686762804,1686762942,1,138,1987.523438,36792.28516,1987.75,36792
BNG(lymph_COMMA_1000_COMMA_10)_OpenML,1000000,18,1686762950,1686763090,1,140,1987.457031,36792.28516,1987.613281,36792
BNG(lymph_COMMA_5000_COMMA_1)_OpenML,1000000,18,1686763098,1686763242,1,144,1986.919141,36792.28516,2604.988281,58841
BNG(lymph_COMMA_5000_COMMA_5)_OpenML,1000000,18,1686763250,1686763392,1,142,1986.863281,36792.28516,1987.105469,36792
BNG(lymph_COMMA_5000_COMMA_10)_OpenML,1000000,18,1686763401,1686763554,1,153,1986.855469,36792.28516,1986.965625,36792
BNG(lymph_COMMA_10000_COMMA_1)_OpenML,1000000,18,1686763562,1686763712,1,150,1986.824609,36792.28516,2672.121094,59804
BNG(lymph_COMMA_10000_COMMA_5)_OpenML,1000000,18,1686763719,1686763859,1,140,1986.785156,36792.28516,2528.078125,59261
BNG(lymph_COMMA_10000_COMMA_10)_OpenML,1000000,18,1686763867,1686764000,1,133,1986.789063,36792.28516,2114.274609,59702
poker-hand_OpenML,1025009,10,1686764008,1686764153,1,145,1986.808594,36792.28516,1986.941406,36792
poker-hand_OpenML,1025000,10,1686764160,1686764309,1,149,1986.710156,36792.28516,1986.820313,36792
bot-iot-all-features_OpenML,3668522,44,1686765996,1686766404,1,408,4030.643164,60090.91797,5983.690625,61784
BNG(vehicle)_OpenML,1000000,18,1686766736,1686766880,1,144,1894.388281,59344.12109,3131.363281,60794
ACSPublicCoverage_OpenML,1138289,19,1686781811,1686816818,1,35007,2361.515625,59773.41328,5899.441406,62550
ACSIncome_OpenML,1664500,11,1686816826,1686817036,1,210,1229.734375,58359.27734,3772.996094,60753
Higgs_OpenML,1000000,28,1686835992,1686836130,1,138,3389.998047,60401.63828,3943.749023,61814
medical_charges_OpenML,188806,12,1686849396,1686849419,1,23.58299613,847.2925781,57341.09375,929.2375,58828
year_OpenML,515345,90,1686849446,1686849559,1,112.5909851,2385.372266,59455.83203,2861.140625,60867
road-safety_OpenML,111762,32,1686849566,1686849625,1,58.56252503,652.5636719,59114.37227,714.1402344,59994
road-safety_OpenML,111762,32,1686849645,1686849701,1,56.14825702,567.478125,57892.42578,689.7363281,58914
Credit_Card_Fraud_Detection_OpenML,284807,30,1686849728,1686849796,1,67.7281158,968.490625,58033.56484,1152.649609,59465
sgemm_gpu_kernel_performance_OpenML,241600,14,1686849827,1686849875,1,47.86201811,519.4560547,58887.06094,708.5632813,60358
nyc_taxi_green_OpenML,581835,18,1686849882,1686849988,1,105.9770551,1045.753906,58570.29688,1426.644531,59998
Airlines_DepDelay_1M_OpenML,1000000,11,1686849994,1686850122,1,127.9970789,1064.544141,58672.06641,1724.078125,60143
road-safety_OpenML,111762,32,1686850136,1686850180,1,43.95571899,617.4042969,58630.66816,726.5632813,59584
delays_zurich_transport_OpenML,5465575,11,1686850187,1686850880,1,692.763185,2891.460547,59599.14844,7499.921484,63785
hcdr_OpenML,244280,69,1686850901,1686850972,1,71.14955115,1077.237891,58241.1418,1241.597656,59213
road-safety_OpenML,111762,32,1686850978,1686851037,1,59.05571198,550.8722656,58011.63359,689.6679688,59115
autos_OpenML,1000000,25,1686851046,1686851192,1,145.7009752,1824.520313,59118.62891,2807.660156,60568
ATLAS-Higgs-Boson-Machine-Learning-Challenge-2014_OpenML,818238,30,1686851514,1686851616,1,102.4140177,1919.932031,58231.50039,2378.994531,59582
Click_OpenML,1000000,11,1686851639,1686851793,1,153.62076,1094.014453,57770.41797,2930.441406,59213
Dota2-Games-Results-Data-Set_OpenML,102944,116,1686851801,1686851844,1,43.16676807,698.3757813,58123.48867,880.6015625,59492