Row,Columm,StartTime,EndTime
100000,10,1685942610.4091158,1685942628.3228989
100000,20,1685942628.3229733,1685942668.495108
100000,30,1685942668.4951804,1685942729.5100605
100000,40,1685942729.5101328,1685942789.8736417
100000,50,1685942789.8737423,1685942865.97454
100000,60,1685942865.9746168,1685942958.343591
100000,70,1685942958.3436663,1685943080.683727
100000,80,1685943080.6838052,1685943200.7463412
100000,90,1685943200.7464166,1685943352.370378
100000,100,1685943352.370452,1685943501.5922613
200000,10,1685943501.592339,1685943529.5711741
200000,20,1685943529.571249,1685943596.7221582
200000,30,1685943596.722236,1685943692.953572
200000,40,1685943692.9536488,1685943804.057938
200000,50,1685943804.0580153,1685943940.6830213
200000,60,1685943940.683098,1685944153.5376928
200000,70,1685944153.5377684,1685944377.182084
200000,80,1685944377.1821578,1685944634.2337737
200000,90,1685944634.2338514,1685944917.2168477
200000,100,1685944917.2169247,1685945227.339218
300000,10,1685945227.3392963,1685945278.5803192
300000,20,1685945278.580394,1685945394.2521381
300000,30,1685945394.2522185,1685945550.5642638
300000,40,1685945550.5643425,1685945803.5633702
300000,50,1685945803.563449,1685946017.408772
300000,60,1685946017.4088604,1685946311.2332013
300000,70,1685946311.2332807,1685946613.5679169
300000,80,1685946613.5679948,1685947000.6465771
300000,90,1685947000.6466563,1685947385.467747
300000,100,1685947385.4678252,1685947876.610329
400000,10,1685947876.6104107,1685947964.8067768
400000,20,1685947964.8068533,1685948122.4737055
400000,30,1685948122.473785,1685948332.682628
400000,40,1685948332.682733,1685948592.2341344
400000,50,1685948592.234214,1685948925.4198158
400000,60,1685948925.419893,1685949321.3065047
400000,70,1685949321.3065836,1685949841.894652
400000,80,1685949841.894785,1685950426.526899
400000,90,1685950426.526982,1685950954.8823314
400000,100,1685950954.8824112,1685951607.0968869
500000,10,1685951607.0969691,1685951719.7735324
500000,20,1685951719.7736106,1685951881.8705704
500000,30,1685951881.8706532,1685952172.7314484
500000,40,1685952172.7315226,1685952571.0790262
500000,50,1685952571.0791051,1685952986.8080125
500000,60,1685952986.8080902,1685953497.0075521
500000,70,1685953497.0076349,1685954022.6155033
500000,80,1685954022.6155856,1685954623.1026864
500000,90,1685954623.1027653,1685955480.0150323
500000,100,1685955480.0151067,1685956326.7188158
600000,10,1685956326.7188926,1685956452.9370127
600000,20,1685956452.9370928,1685956637.7570517
600000,30,1685956637.7571313,1685957051.0171223
600000,40,1685957051.0172002,1685957491.2177289
600000,50,1685957491.2178125,1685958065.740524
600000,60,1685958065.7406013,1685958686.006189
600000,70,1685958686.0062757,1685959336.8732696
600000,80,1685959336.8733537,1685960149.6166518
600000,90,1685960149.6167617,1685961111.656102
600000,100,1685961111.6561804,1685962165.0594614
700000,10,1685962165.059542,1685962272.3982508
700000,20,1685962272.3983293,1685962557.3709373
700000,30,1685962557.3710217,1685962875.574803
700000,40,1685962875.5748873,1685963354.6703043
700000,50,1685963354.6703851,1685963962.3597171
700000,60,1685963962.3597982,1685964685.227661
700000,70,1685964685.2277694,1685965548.8899467
700000,80,1685965548.8900304,1685966404.8769813
700000,90,1685966404.8770678,1685967512.965485
700000,100,1685967512.9655662,1685968743.8785121
800000,10,1685968743.8785985,1685968870.2015111
800000,20,1685968870.2015944,1685969166.9477055
800000,30,1685969166.947807,1685969587.9273167
800000,40,1685969587.9274004,1685970138.4093127
800000,50,1685970138.4093957,1685970846.1074948
800000,60,1685970846.107574,1685971688.0385873
800000,70,1685971688.0386686,1685972667.8472083
800000,80,1685972667.8472855,1685973777.4444656
