Filename,Row,Columm,StartTime,EndTime,Completed
BNG(anneal_COMMA_nominal_COMMA_1000000)_OpenML,1000000,38,1688646703.8469021,0,-22
BNG(anneal_COMMA_nominal_COMMA_1000000)_OpenML,1000000,38,1688646703.8469021,1688649039.883499,1
BNG(anneal.ORIG_COMMA_nominal_COMMA_1000000)_OpenML,1000000,38,1688649042.00959,0,-22
BNG(anneal.ORIG_COMMA_nominal_COMMA_1000000)_OpenML,1000000,38,1688649042.00959,1688651476.305574,1
BNG(kr-vs-kp)_OpenML,1000000,36,1688651477.563574,0,-22
BNG(kr-vs-kp)_OpenML,1000000,36,1688651477.563574,1688653715.250531,1
BNG(labor_COMMA_nominal_COMMA_1000000)_OpenML,1000000,16,1688653716.175906,0,-22
BNG(labor_COMMA_nominal_COMMA_1000000)_OpenML,1000000,16,1688653716.175906,1688655896.826113,1
BNG(letter_COMMA_nominal_COMMA_1000000)_OpenML,1000000,16,1688655898.822056,0,-22
BNG(letter_COMMA_nominal_COMMA_1000000)_OpenML,1000000,16,1688655898.822056,1688658127.482042,1
BNG(autos_COMMA_nominal_COMMA_1000000)_OpenML,1000000,25,1688658128.582984,0,-22
BNG(autos_COMMA_nominal_COMMA_1000000)_OpenML,1000000,25,1688658128.582984,1688659932.3940952,1
BNG(lymph_COMMA_nominal_COMMA_1000000)_OpenML,1000000,18,1688659933.756265,0,-22
BNG(lymph_COMMA_nominal_COMMA_1000000)_OpenML,1000000,18,1688659933.756265,1688661472.92963,1
BNG(breast-cancer_COMMA_nominal_COMMA_1000000)_OpenML,0,0,0,0,-1
BNG(mfeat-fourier_COMMA_nominal_COMMA_1000000)_OpenML,1000000,76,1688661475.147357,0,-22
BNG(mfeat-fourier_COMMA_nominal_COMMA_1000000)_OpenML,0,0,0,0,-23
BNG(mfeat-karhunen_COMMA_nominal_COMMA_1000000)_OpenML,1000000,64,1688665075.345925,0,-22
BNG(mfeat-karhunen_COMMA_nominal_COMMA_1000000)_OpenML,0,0,0,0,-23
BNG(bridges_version1_COMMA_nominal_COMMA_1000000)_OpenML,1000000,12,1688668675.274954,0,-22
BNG(bridges_version1_COMMA_nominal_COMMA_1000000)_OpenML,1000000,12,1688668675.274954,1688669995.788597,1
BNG(bridges_version2_COMMA_nominal_COMMA_1000000)_OpenML,1000000,12,1688669997.048183,0,-22
BNG(bridges_version2_COMMA_nominal_COMMA_1000000)_OpenML,1000000,12,1688669997.048183,1688671315.564116,1
BNG(mfeat-zernike_COMMA_nominal_COMMA_1000000)_OpenML,1000000,47,1688671317.0989819,0,-22
BNG(mfeat-zernike_COMMA_nominal_COMMA_1000000)_OpenML,1000000,47,1688671317.0989819,1688674214.7647932,1
BNG(cmc_COMMA_nominal_COMMA_55296)_OpenML,0,0,0,0,-1
BNG(mushroom)_OpenML,1000000,22,1688674216.785482,0,-22
BNG(mushroom)_OpenML,1000000,22,1688674216.785482,1688675920.5760891,1
BNG(colic.ORIG_COMMA_nominal_COMMA_1000000)_OpenML,1000000,27,1688675921.597122,0,-22
BNG(colic.ORIG_COMMA_nominal_COMMA_1000000)_OpenML,1000000,27,1688675921.597122,1688677799.815425,1
BNG(colic_COMMA_nominal_COMMA_1000000)_OpenML,1000000,22,1688677800.644327,0,-22
BNG(colic_COMMA_nominal_COMMA_1000000)_OpenML,1000000,22,1688677800.644327,1688679492.028801,1
BNG(optdigits)_OpenML,1000000,64,1688679493.379563,0,-22
BNG(optdigits)_OpenML,0,0,0,0,-23
BNG(credit-a_COMMA_nominal_COMMA_1000000)_OpenML,1000000,15,1688683093.00333,0,-22
BNG(credit-a_COMMA_nominal_COMMA_1000000)_OpenML,1000000,15,1688683093.00333,1688684823.822921,1
BNG(page-blocks_COMMA_nominal_COMMA_295245)_OpenML,295245,10,1688684825.840799,0,-22
BNG(credit-g_COMMA_nominal_COMMA_1000000)_OpenML,1000000,20,1688684987.088552,0,-22
BNG(credit-g_COMMA_nominal_COMMA_1000000)_OpenML,1000000,20,1688684987.088552,1688686596.9786592,1
BNG(pendigits_COMMA_nominal_COMMA_1000000)_OpenML,1000000,16,1688686597.8902578,0,-22
BNG(pendigits_COMMA_nominal_COMMA_1000000)_OpenML,1000000,16,1688686597.8902578,1688688742.160735,1
BNG(cylinder-bands_COMMA_nominal_COMMA_1000000)_OpenML,1000000,39,1688688743.3394198,0,-22
BNG(cylinder-bands_COMMA_nominal_COMMA_1000000)_OpenML,1000000,39,1688688743.3394198,1688691331.62547,1
BNG(dermatology_COMMA_nominal_COMMA_1000000)_OpenML,1000000,34,1688691332.647132,0,-22
BNG(dermatology_COMMA_nominal_COMMA_1000000)_OpenML,1000000,34,1688691332.647132,1688693479.725489,1
BNG(segment)_OpenML,1000000,19,1688693481.7289019,0,-22
BNG(segment)_OpenML,1000000,19,1688693481.7289019,1688695468.3194082,1
BNG(sick_COMMA_nominal_COMMA_1000000)_OpenML,1000000,29,1688695470.810973,0,-22
BNG(sonar_COMMA_nominal_COMMA_1000000)_OpenML,1000000,60,1688696732.304385,0,-22
BNG(sonar_COMMA_nominal_COMMA_1000000)_OpenML,1000000,60,1688696732.304385,1688699896.861988,1
BNG(glass_COMMA_nominal_COMMA_137781)_OpenML,0,0,0,0,-1
BNG(soybean)_OpenML,1000000,35,1688699898.952329,0,-22
BNG(soybean)_OpenML,1000000,35,1688699898.952329,1688702095.08714,1
BNG(spambase)_OpenML,1000000,57,1688702097.141024,0,-22
BNG(heart-c_COMMA_nominal_COMMA_1000000)_OpenML,1000000,13,1688702262.78819,0,-22
BNG(heart-c_COMMA_nominal_COMMA_1000000)_OpenML,1000000,13,1688702262.78819,1688703640.3502169,1
BNG(heart-h_COMMA_nominal_COMMA_1000000)_OpenML,1000000,13,1688703641.257507,0,-22
BNG(heart-h_COMMA_nominal_COMMA_1000000)_OpenML,1000000,13,1688703641.257507,1688705060.495243,1
BNG(trains)_OpenML,1000000,32,1688705061.629778,0,-22
BNG(trains)_OpenML,1000000,32,1688705061.629778,1688707765.3563468,1
BNG(heart-statlog_COMMA_nominal_COMMA_1000000)_OpenML,1000000,13,1688707767.351795,0,-22
BNG(heart-statlog_COMMA_nominal_COMMA_1000000)_OpenML,1000000,13,1688707767.351795,1688709146.3896341,1
BNG(vehicle_COMMA_nominal_COMMA_1000000)_OpenML,1000000,18,1688709147.291187,0,-22
BNG(vehicle_COMMA_nominal_COMMA_1000000)_OpenML,1000000,18,1688709147.291187,1688710737.2294762,1
BNG(hepatitis_COMMA_nominal_COMMA_1000000)_OpenML,1000000,19,1688710738.3350139,0,-22
BNG(hepatitis_COMMA_nominal_COMMA_1000000)_OpenML,1000000,19,1688710738.3350139,1688712345.3717408,1
BNG(vote)_OpenML,131072,16,1688712347.449981,0,-22
BNG(vote)_OpenML,131072,16,1688712347.449981,1688712387.72507,1
BNG(hypothyroid_COMMA_nominal_COMMA_1000000)_OpenML,1000000,29,1688712389.684001,0,-22
BNG(ionosphere)_OpenML,1000000,34,1688713659.207542,0,-22
BNG(ionosphere)_OpenML,1000000,34,1688713659.207542,1688716026.82321,1
BNG(waveform-5000_COMMA_nominal_COMMA_1000000)_OpenML,1000000,40,1688716028.30736,0,-22
BNG(waveform-5000_COMMA_nominal_COMMA_1000000)_OpenML,1000000,40,1688716028.30736,1688719083.3827431,1
BNG(zoo_COMMA_nominal_COMMA_1000000)_OpenML,1000000,17,1688719084.926344,0,-22
BNG(zoo_COMMA_nominal_COMMA_1000000)_OpenML,1000000,17,1688719084.926344,1688720593.4861388,1
CovPokElec_OpenML,1455525,72,1688720596.1169128,0,-22
covertype_OpenML,581012,54,1688722588.099234,0,-22
Hyperplane_10_1E-3_OpenML,1000000,10,1688723164.856433,0,-22
Hyperplane_10_1E-3_OpenML,1000000,10,1688723164.856433,1688724440.36026,1
Hyperplane_10_1E-4_OpenML,1000000,10,1688724441.237281,0,-22
Hyperplane_10_1E-4_OpenML,1000000,10,1688724441.237281,1688725720.9668338,1
LED(50000)_OpenML,1000000,24,1688725721.791539,0,-22
LED(50000)_OpenML,1000000,24,1688725721.791539,1688728164.9480262,1
pokerhand_OpenML,829201,10,1688728165.882593,0,-22
pokerhand_OpenML,829201,10,1688728165.882593,1688729024.192468,1
RandomRBF_0_0_OpenML,1000000,10,1688729026.077037,0,-22
RandomRBF_10_1E-3_OpenML,1000000,10,1688729565.15885,0,-22
RandomRBF_10_1E-4_OpenML,1000000,10,1688730135.4421482,0,-22
RandomRBF_50_1E-3_OpenML,1000000,10,1688730711.776219,0,-22
RandomRBF_50_1E-3_OpenML,1000000,10,1688730711.776219,1688731976.22397,1
RandomRBF_50_1E-4_OpenML,1000000,10,1688731978.126063,0,-22
RandomRBF_50_1E-4_OpenML,1000000,10,1688731978.126063,1688733243.7029178,1
SEA(50)_OpenML,0,0,0,0,-1
SEA(50000)_OpenML,0,0,0,0,-1
covertype_OpenML,110393,54,1688733247.723836,0,-22
covertype_OpenML,110393,54,1688733247.723836,1688733283.547374,1
BNG(anneal)_OpenML,1000000,38,1688733284.562634,0,-22
BNG(anneal)_OpenML,1000000,38,1688733284.562634,1688735598.722172,1
BNG(anneal.ORIG)_OpenML,1000000,38,1688735599.863022,0,-22
BNG(anneal.ORIG)_OpenML,1000000,38,1688735599.863022,1688737936.194418,1
BNG(labor)_OpenML,1000000,16,1688737938.2761059,0,-22
BNG(labor)_OpenML,1000000,16,1688737938.2761059,1688740104.0366988,1
BNG(letter)_OpenML,1000000,16,1688740104.902883,0,-22
BNG(letter)_OpenML,1000000,16,1688740104.902883,1688742263.5663202,1
BNG(autos)_OpenML,1000000,25,1688742265.616672,0,-22
BNG(autos)_OpenML,1000000,25,1688742265.616672,1688744066.9903932,1
BNG(lymph)_OpenML,1000000,18,1688744069.044769,0,-22
BNG(lymph)_OpenML,1000000,18,1688744069.044769,1688745606.7578309,1
BNG(mfeat-fourier)_OpenML,1000000,76,1688745609.34319,0,-22
BNG(mfeat-fourier)_OpenML,0,0,0,0,-23
BNG(mfeat-karhunen)_OpenML,1000000,64,1688749210.95337,0,-22
BNG(mfeat-karhunen)_OpenML,0,0,0,0,-23
BNG(bridges_version1)_OpenML,1000000,12,1688752810.28514,0,-22
BNG(bridges_version1)_OpenML,1000000,12,1688752810.28514,1688754130.509963,1
BNG(mfeat-zernike)_OpenML,1000000,47,1688754133.404619,0,-22
BNG(mfeat-zernike)_OpenML,1000000,47,1688754133.404619,1688757027.9037068,1
BNG(cmc)_OpenML,0,0,0,0,-1
BNG(colic.ORIG)_OpenML,1000000,27,1688757032.1706262,0,-22
BNG(colic.ORIG)_OpenML,1000000,27,1688757032.1706262,1688758910.470645,1
BNG(colic)_OpenML,1000000,22,1688758911.481768,0,-22
BNG(colic)_OpenML,1000000,22,1688758911.481768,1688760600.471499,1
BNG(credit-a)_OpenML,1000000,15,1688760602.515918,0,-22
BNG(credit-a)_OpenML,1000000,15,1688760602.515918,1688762275.684535,1
BNG(page-blocks)_OpenML,295245,10,1688762276.5833101,0,-22
BNG(page-blocks)_OpenML,295245,10,1688762276.5833101,1688762385.885546,1
BNG(credit-g)_OpenML,1000000,20,1688762386.8647208,0,-22
BNG(credit-g)_OpenML,1000000,20,1688762386.8647208,1688763996.159765,1
BNG(pendigits)_OpenML,1000000,16,1688763998.071292,0,-22
BNG(pendigits)_OpenML,1000000,16,1688763998.071292,1688766156.4833128,1
BNG(cylinder-bands)_OpenML,1000000,39,1688766157.92678,0,-22
BNG(cylinder-bands)_OpenML,1000000,39,1688766157.92678,1688768745.45157,1
BNG(dermatology)_OpenML,1000000,34,1688768746.4023302,0,-22
BNG(dermatology)_OpenML,1000000,34,1688768746.4023302,1688770894.973824,1
BNG(sonar)_OpenML,1000000,60,1688770896.2190678,0,-22
BNG(sonar)_OpenML,1000000,60,1688770896.2190678,1688774064.168581,1
BNG(glass)_OpenML,0,0,0,0,-1
BNG(heart-c)_OpenML,1000000,13,1688774066.151474,0,-22
BNG(heart-c)_OpenML,1000000,13,1688774066.151474,1688775422.965836,1
BNG(heart-statlog)_OpenML,1000000,13,1688775423.786016,0,-22
BNG(heart-statlog)_OpenML,1000000,13,1688775423.786016,1688776783.175096,1
BNG(vehicle)_OpenML,1000000,18,1688776784.109374,0,-22
BNG(vehicle)_OpenML,1000000,18,1688776784.109374,1688778316.3419762,1
BNG(hepatitis)_OpenML,1000000,19,1688778317.254934,0,-22
BNG(hepatitis)_OpenML,1000000,19,1688778317.254934,1688779887.9882612,1
BNG(waveform-5000)_OpenML,1000000,40,1688779890.1492748,0,-22
BNG(waveform-5000)_OpenML,1000000,40,1688779890.1492748,1688782931.628021,1
BNG(zoo)_OpenML,1000000,16,1688782932.87535,0,-22
BNG(zoo)_OpenML,1000000,16,1688782932.87535,1688785586.676147,1
IMDB.drama_OpenML,0,0,0,0,-1
20_newsgroups.drift_OpenML,399940,1001,1688785606.3026078,0,-22
20_newsgroups.drift_OpenML,0,0,0,0,-23
covertype_OpenML,0,0,0,0,-1
codrna_OpenML,0,0,0,0,-1
poker_OpenML,0,0,0,0,-1
vehicle_sensIT_OpenML,0,0,0,0,-1
mnist_784_OpenML,70000,784,1688789231.0011342,0,-22
mnist_784_OpenML,70000,784,1688789231.0011342,1688789390.334041,1
KDDCup99_full_OpenML,4898431,41,1688789392.838527,0,-22
KDDCup09_appetency_OpenML,0,0,0,0,-1
KDDCup09_churn_OpenML,0,0,0,0,-1
KDDCup99_OpenML,494020,41,1688790498.475127,0,-22
KDDCup09_upselling_OpenML,0,0,0,0,-1
airlines_OpenML,0,0,0,0,-1
BNG(primary-tumor)_OpenML,1000000,17,1688790824.335726,0,-22
BNG(primary-tumor)_OpenML,1000000,17,1688790824.335726,1688792350.298048,1
BNG(solar-flare)_OpenML,663552,12,1688792351.0746372,0,-22
BNG(solar-flare)_OpenML,663552,12,1688792351.0746372,1688792996.025443,1
BNG(solar-flare)_OpenML,1000000,12,1688792998.188839,0,-22
BNG(solar-flare)_OpenML,1000000,12,1688792998.188839,1688794829.904165,1
BNG(spect_test)_OpenML,1000000,22,1688794832.219866,0,-22
BNG(spect_test)_OpenML,1000000,22,1688794832.219866,1688796550.214157,1
BNG(spectf_test)_OpenML,1000000,44,1688796552.773123,0,-22
BNG(spectf_test)_OpenML,1000000,44,1688796552.773123,1688799087.770764,1
BNG(adult)_OpenML,1000000,14,1688799088.7147079,0,-22
BNG(adult)_OpenML,1000000,14,1688799088.7147079,1688800477.8369439,1
BNG(satimage)_OpenML,1000000,36,1688800480.072453,0,-22
BNG(satimage)_OpenML,1000000,36,1688800480.072453,1688802706.530329,1
BNG(baseball)_OpenML,0,0,0,0,-1
BNG(wine)_OpenML,1000000,13,1688802709.622028,0,-22
BNG(wine)_OpenML,1000000,13,1688802709.622028,1688804066.283943,1
BNG(eucalyptus)_OpenML,1000000,19,1688804067.3282409,0,-22
BNG(eucalyptus)_OpenML,1000000,19,1688804067.3282409,1688805639.844598,1
BNG(wisconsin)_OpenML,1000000,32,1688805641.187598,0,-22
BNG(wisconsin)_OpenML,1000000,32,1688805641.187598,1688808442.99908,1
BNG(cleveland)_OpenML,1000000,13,1688808444.9035149,0,-22
BNG(cleveland)_OpenML,1000000,13,1688808444.9035149,1688809800.386728,1
BNG(auto_price)_OpenML,1000000,15,1688809801.2745118,0,-22
BNG(auto_price)_OpenML,1000000,15,1688809801.2745118,1688811473.876759,1
BNG(cpu_act)_OpenML,1000000,21,1688811474.819687,0,-22
BNG(cpu_act)_OpenML,1000000,21,1688811474.819687,1688813125.061226,1
BNG(pbc)_OpenML,1000000,18,1688813125.9533901,0,-22
BNG(pbc)_OpenML,1000000,18,1688813125.9533901,1688814658.930089,1
BNG(autoHorse)_OpenML,1000000,25,1688814660.946641,0,-22
BNG(autoHorse)_OpenML,1000000,25,1688814660.946641,1688816464.533036,1
BNG(cholesterol)_OpenML,1000000,13,1688816466.5607,0,-22
BNG(cholesterol)_OpenML,1000000,13,1688816466.5607,1688817822.655724,1
BNG(autoPrice)_OpenML,1000000,15,1688817823.520409,0,-22
BNG(autoPrice)_OpenML,1000000,15,1688817823.520409,1688819494.9803689,1
BNG(pharynx)_OpenML,1000000,10,1688819495.8111832,0,-22
BNG(pharynx)_OpenML,1000000,10,1688819495.8111832,1688820746.596789,1
BNG(2dplanes)_OpenML,177147,10,1688820747.323634,0,-22
BNG(2dplanes)_OpenML,177147,10,1688820747.323634,1688820786.728361,1
BNG(elevators)_OpenML,1000000,18,1688820788.416197,0,-22
BNG(elevators)_OpenML,1000000,18,1688820788.416197,1688822322.04897,1
BNG(stock)_OpenML,0,0,0,0,-1
BNG(breastTumor)_OpenML,0,0,0,0,-1
BNG(cpu_small)_OpenML,1000000,12,1688822326.268682,0,-22
BNG(cpu_small)_OpenML,1000000,12,1688822326.268682,1688823643.48222,1
BNG(pwLinear)_OpenML,177147,10,1688823644.159416,0,-22
BNG(pwLinear)_OpenML,177147,10,1688823644.159416,1688823683.5832682,1
BNG(wine_quality)_OpenML,531441,11,1688823685.096264,0,-22
BNG(wine_quality)_OpenML,531441,11,1688823685.096264,1688824047.6208022,1
BNG(Australian)_OpenML,1000000,14,1688824048.450903,0,-22
BNG(Australian)_OpenML,1000000,14,1688824048.450903,1688825513.925227,1
BNG(satellite_image)_OpenML,1000000,36,1688825515.4115279,0,-22
BNG(satellite_image)_OpenML,1000000,36,1688825515.4115279,1688827739.9236338,1
BNG(Ailerons)_OpenML,1000000,40,1688827742.160846,0,-22
BNG(Ailerons)_OpenML,1000000,40,1688827742.160846,1688830816.1789901,1
BNG(libras_move)_OpenML,1000000,90,1688830818.843895,0,-22
BNG(libras_move)_OpenML,0,0,0,0,-23
BNG(vowel)_OpenML,1000000,12,1688834418.3992991,0,-22
BNG(vowel)_OpenML,1000000,12,1688834418.3992991,1688835735.83953,1
BNG(puma32H)_OpenML,1000000,32,1688835736.9772182,0,-22
BNG(puma32H)_OpenML,1000000,32,1688835736.9772182,1688838484.5707679,1
BNG(SPECT)_OpenML,1000000,22,1688838486.775667,0,-22
BNG(SPECT)_OpenML,1000000,22,1688838486.775667,1688840252.909902,1
BNG(SPECTF)_OpenML,1000000,44,1688840254.396401,0,-22
BNG(SPECTF)_OpenML,1000000,44,1688840254.396401,1688842787.383533,1
BNG(mv)_OpenML,78732,10,1688842788.205914,0,-22
BNG(mv)_OpenML,78732,10,1688842788.205914,1688842795.9952,1
BNG(JapaneseVowels)_OpenML,1000000,14,1688842797.870859,0,-22
BNG(JapaneseVowels)_OpenML,1000000,14,1688842797.870859,1688844189.7774851,1
Click_prediction_small_OpenML,0,0,0,0,-1
Click_prediction_small_OpenML,149639,11,1688844191.676085,0,-22
Click_prediction_small_OpenML,149639,11,1688844191.676085,1688844225.044332,1
Click_prediction_small_OpenML,1997410,11,1688844226.014604,0,-22
Click_prediction_small_OpenML,399482,11,1688845183.569398,0,-22
Click_prediction_small_OpenML,399482,11,1688845183.569398,1688845436.974357,1
Click_prediction_small_OpenML,0,0,0,0,-1
Agrawal1_OpenML,0,0,0,0,-1
Stagger1_OpenML,0,0,0,0,-1
Stagger2_OpenML,0,0,0,0,-1
Stagger3_OpenML,0,0,0,0,-1
AirlinesCodrnaAdult_OpenML,0,0,0,0,-1
codrnaNorm_OpenML,0,0,0,0,-1
vehicleNorm_OpenML,0,0,0,0,-1
BNG(anneal_COMMA_1000_COMMA_1)_OpenML,1000000,38,1688845458.634808,0,-22
BNG(anneal_COMMA_1000_COMMA_1)_OpenML,1000000,38,1688845458.634808,1688847758.9158158,1
BNG(anneal_COMMA_1000_COMMA_5)_OpenML,1000000,38,1688847760.068655,0,-22
BNG(anneal_COMMA_1000_COMMA_5)_OpenML,1000000,38,1688847760.068655,1688850060.470059,1
BNG(anneal_COMMA_1000_COMMA_10)_OpenML,1000000,38,1688850062.702154,0,-22
BNG(anneal_COMMA_1000_COMMA_10)_OpenML,1000000,38,1688850062.702154,1688852365.6046772,1
BNG(anneal_COMMA_5000_COMMA_1)_OpenML,1000000,38,1688852366.934423,0,-22
BNG(anneal_COMMA_5000_COMMA_1)_OpenML,1000000,38,1688852366.934423,1688854671.061219,1
BNG(anneal_COMMA_5000_COMMA_5)_OpenML,1000000,38,1688854673.1487098,0,-22
BNG(anneal_COMMA_5000_COMMA_5)_OpenML,1000000,38,1688854673.1487098,1688856976.489418,1
BNG(anneal_COMMA_5000_COMMA_10)_OpenML,1000000,38,1688856977.49324,0,-22
BNG(anneal_COMMA_5000_COMMA_10)_OpenML,1000000,38,1688856977.49324,1688859276.781059,1
BNG(anneal_COMMA_10000_COMMA_1)_OpenML,1000000,38,1688859277.812654,0,-22
BNG(anneal_COMMA_10000_COMMA_1)_OpenML,1000000,38,1688859277.812654,1688861583.414431,1
BNG(anneal_COMMA_10000_COMMA_5)_OpenML,1000000,38,1688861585.476696,0,-22
BNG(anneal_COMMA_10000_COMMA_5)_OpenML,1000000,38,1688861585.476696,1688863890.6485498,1
BNG(anneal_COMMA_10000_COMMA_10)_OpenML,1000000,38,1688863891.619492,0,-22
BNG(anneal_COMMA_10000_COMMA_10)_OpenML,1000000,38,1688863891.619492,1688866195.470078,1
BNG(anneal.ORIG_COMMA_1000_COMMA_1)_OpenML,1000000,38,1688866197.544706,0,-22
BNG(anneal.ORIG_COMMA_1000_COMMA_1)_OpenML,1000000,38,1688866197.544706,1688868502.7871842,1
BNG(anneal.ORIG_COMMA_1000_COMMA_5)_OpenML,1000000,38,1688868504.8289962,0,-22
BNG(anneal.ORIG_COMMA_1000_COMMA_5)_OpenML,1000000,38,1688868504.8289962,1688870807.908962,1
BNG(anneal.ORIG_COMMA_1000_COMMA_10)_OpenML,1000000,38,1688870808.9662259,0,-22
BNG(anneal.ORIG_COMMA_1000_COMMA_10)_OpenML,1000000,38,1688870808.9662259,1688873108.64951,1
BNG(anneal.ORIG_COMMA_5000_COMMA_1)_OpenML,1000000,38,1688873109.6852841,0,-22
BNG(anneal.ORIG_COMMA_5000_COMMA_1)_OpenML,1000000,38,1688873109.6852841,1688875423.0421681,1
BNG(anneal.ORIG_COMMA_5000_COMMA_5)_OpenML,1000000,38,1688875424.06025,0,-22
BNG(anneal.ORIG_COMMA_5000_COMMA_5)_OpenML,1000000,38,1688875424.06025,1688877729.0757499,1
BNG(anneal.ORIG_COMMA_5000_COMMA_10)_OpenML,1000000,38,1688877730.087307,0,-22
BNG(anneal.ORIG_COMMA_5000_COMMA_10)_OpenML,1000000,38,1688877730.087307,1688880032.509577,1
BNG(anneal.ORIG_COMMA_10000_COMMA_1)_OpenML,1000000,38,1688880033.5165389,0,-22
BNG(anneal.ORIG_COMMA_10000_COMMA_1)_OpenML,1000000,38,1688880033.5165389,1688882348.266707,1
BNG(anneal.ORIG_COMMA_10000_COMMA_5)_OpenML,1000000,38,1688882349.413159,0,-22
BNG(anneal.ORIG_COMMA_10000_COMMA_5)_OpenML,1000000,38,1688882349.413159,1688884656.755145,1
BNG(anneal.ORIG_COMMA_10000_COMMA_10)_OpenML,1000000,38,1688884657.78442,0,-22
BNG(anneal.ORIG_COMMA_10000_COMMA_10)_OpenML,1000000,38,1688884657.78442,1688886961.613608,1
BNG(kr-vs-kp_COMMA_1000_COMMA_1)_OpenML,1000000,36,1688886963.664115,0,-22
BNG(kr-vs-kp_COMMA_1000_COMMA_1)_OpenML,1000000,36,1688886963.664115,1688889190.594187,1
BNG(kr-vs-kp_COMMA_1000_COMMA_5)_OpenML,1000000,36,1688889191.492346,0,-22
BNG(kr-vs-kp_COMMA_1000_COMMA_5)_OpenML,1000000,36,1688889191.492346,1688891415.9960341,1
BNG(kr-vs-kp_COMMA_1000_COMMA_10)_OpenML,1000000,36,1688891418.081085,0,-22
BNG(kr-vs-kp_COMMA_1000_COMMA_10)_OpenML,1000000,36,1688891418.081085,1688893640.876825,1
BNG(kr-vs-kp_COMMA_5000_COMMA_1)_OpenML,1000000,36,1688893641.759233,0,-22
BNG(kr-vs-kp_COMMA_5000_COMMA_1)_OpenML,1000000,36,1688893641.759233,1688895875.583161,1
BNG(kr-vs-kp_COMMA_5000_COMMA_5)_OpenML,1000000,36,1688895877.586039,0,-22
BNG(kr-vs-kp_COMMA_5000_COMMA_5)_OpenML,1000000,36,1688895877.586039,1688898103.973453,1
BNG(kr-vs-kp_COMMA_5000_COMMA_10)_OpenML,1000000,36,1688898104.891398,0,-22
BNG(kr-vs-kp_COMMA_5000_COMMA_10)_OpenML,1000000,36,1688898104.891398,1688900334.265368,1
BNG(kr-vs-kp_COMMA_10000_COMMA_1)_OpenML,1000000,36,1688900335.1415648,0,-22
BNG(kr-vs-kp_COMMA_10000_COMMA_1)_OpenML,1000000,36,1688900335.1415648,1688902575.780736,1
BNG(kr-vs-kp_COMMA_10000_COMMA_5)_OpenML,1000000,36,1688902576.6599529,0,-22
BNG(kr-vs-kp_COMMA_10000_COMMA_5)_OpenML,1000000,36,1688902576.6599529,1688904806.873902,1
BNG(kr-vs-kp_COMMA_10000_COMMA_10)_OpenML,1000000,36,1688904807.748598,0,-22
BNG(kr-vs-kp_COMMA_10000_COMMA_10)_OpenML,1000000,36,1688904807.748598,1688907033.027649,1
BNG(letter_COMMA_1000_COMMA_1)_OpenML,1000000,16,1688907034.9502301,0,-22
BNG(letter_COMMA_1000_COMMA_1)_OpenML,1000000,16,1688907034.9502301,1688909242.849257,1
BNG(letter_COMMA_1000_COMMA_5)_OpenML,1000000,16,1688909244.776341,0,-22
BNG(letter_COMMA_1000_COMMA_5)_OpenML,1000000,16,1688909244.776341,1688911384.215065,1
BNG(letter_COMMA_1000_COMMA_10)_OpenML,1000000,16,1688911385.120518,0,-22
BNG(letter_COMMA_1000_COMMA_10)_OpenML,1000000,16,1688911385.120518,1688913538.016118,1
BNG(letter_COMMA_5000_COMMA_1)_OpenML,1000000,16,1688913539.935416,0,-22
BNG(letter_COMMA_5000_COMMA_1)_OpenML,1000000,16,1688913539.935416,1688915714.073175,1
BNG(letter_COMMA_5000_COMMA_5)_OpenML,1000000,16,1688915714.954239,0,-22
BNG(letter_COMMA_5000_COMMA_5)_OpenML,1000000,16,1688915714.954239,1688917845.875504,1
BNG(letter_COMMA_5000_COMMA_10)_OpenML,1000000,16,1688917846.767421,0,-22
BNG(letter_COMMA_5000_COMMA_10)_OpenML,1000000,16,1688917846.767421,1688919986.958303,1
BNG(letter_COMMA_10000_COMMA_1)_OpenML,1000000,16,1688919987.8591528,0,-22
BNG(letter_COMMA_10000_COMMA_1)_OpenML,1000000,16,1688919987.8591528,1688922135.8737679,1
BNG(letter_COMMA_10000_COMMA_5)_OpenML,1000000,16,1688922136.747448,0,-22
BNG(letter_COMMA_10000_COMMA_5)_OpenML,1000000,16,1688922136.747448,1688924291.482042,1
BNG(letter_COMMA_10000_COMMA_10)_OpenML,1000000,16,1688924292.363931,0,-22
BNG(letter_COMMA_10000_COMMA_10)_OpenML,1000000,16,1688924292.363931,1688926445.1411579,1
BNG(audiology_COMMA_1000_COMMA_1)_OpenML,1000000,69,1688926447.234911,0,-22
BNG(audiology_COMMA_1000_COMMA_1)_OpenML,1000000,69,1688926447.234911,1688929969.1921332,1
BNG(audiology_COMMA_1000_COMMA_5)_OpenML,1000000,69,1688929971.309545,0,-22
BNG(audiology_COMMA_1000_COMMA_5)_OpenML,1000000,69,1688929971.309545,1688933492.806941,1
BNG(audiology_COMMA_1000_COMMA_10)_OpenML,1000000,69,1688933494.898588,0,-22
BNG(audiology_COMMA_1000_COMMA_10)_OpenML,1000000,69,1688933494.898588,1688937019.446548,1
letter_OpenML,20000,16,1689167145.971927,0,-22
letter_OpenML,20000,16,1689167145.971927,1689167146.874507,1
nursery_OpenML,0,0,0,0,-1
pendigits_OpenML,10992,16,1689167149.23488,0,-22
pendigits_OpenML,10992,16,1689167149.23488,1689167149.515014,1
BNG(anneal_COMMA_nominal_COMMA_1000000)_OpenML,1000000,38,1689167150.537659,0,-22
BNG(anneal_COMMA_nominal_COMMA_1000000)_OpenML,1000000,38,1689167150.537659,1689169479.68749,1
BNG(anneal.ORIG_COMMA_nominal_COMMA_1000000)_OpenML,1000000,38,1689169481.821538,0,-22
BNG(anneal.ORIG_COMMA_nominal_COMMA_1000000)_OpenML,1000000,38,1689169481.821538,1689171917.9550889,1
BNG(kr-vs-kp)_OpenML,1000000,36,1689171920.2171168,0,-22
BNG(kr-vs-kp)_OpenML,1000000,36,1689171920.2171168,1689174158.7701278,1
BNG(labor_COMMA_nominal_COMMA_1000000)_OpenML,1000000,16,1689174159.695277,0,-22
BNG(labor_COMMA_nominal_COMMA_1000000)_OpenML,1000000,16,1689174159.695277,1689176396.1746829,1
BNG(letter_COMMA_nominal_COMMA_1000000)_OpenML,1000000,16,1689176397.107253,0,-22
BNG(letter_COMMA_nominal_COMMA_1000000)_OpenML,1000000,16,1689176397.107253,1689178602.9079082,1
BNG(autos_COMMA_nominal_COMMA_1000000)_OpenML,1000000,25,1689178604.056396,0,-22
BNG(autos_COMMA_nominal_COMMA_1000000)_OpenML,1000000,25,1689178604.056396,1689180410.620182,1
BNG(lymph_COMMA_nominal_COMMA_1000000)_OpenML,1000000,18,1689180411.593987,0,-22
BNG(lymph_COMMA_nominal_COMMA_1000000)_OpenML,1000000,18,1689180411.593987,1689181952.772865,1
BNG(breast-cancer_COMMA_nominal_COMMA_1000000)_OpenML,0,0,0,0,-1
BNG(mfeat-fourier_COMMA_nominal_COMMA_1000000)_OpenML,1000000,76,1689181956.059736,0,-22
BNG(mfeat-fourier_COMMA_nominal_COMMA_1000000)_OpenML,0,0,0,0,-23
BNG(mfeat-karhunen_COMMA_nominal_COMMA_1000000)_OpenML,1000000,64,1689185556.2648919,0,-22
BNG(mfeat-karhunen_COMMA_nominal_COMMA_1000000)_OpenML,0,0,0,0,-23
BNG(bridges_version1_COMMA_nominal_COMMA_1000000)_OpenML,1000000,12,1689189156.194575,0,-22
BNG(bridges_version1_COMMA_nominal_COMMA_1000000)_OpenML,1000000,12,1689189156.194575,1689190480.0993989,1
BNG(bridges_version2_COMMA_nominal_COMMA_1000000)_OpenML,1000000,12,1689190482.094778,0,-22
BNG(bridges_version2_COMMA_nominal_COMMA_1000000)_OpenML,1000000,12,1689190482.094778,1689191807.09237,1
BNG(mfeat-zernike_COMMA_nominal_COMMA_1000000)_OpenML,1000000,47,1689191808.154825,0,-22
BNG(mfeat-zernike_COMMA_nominal_COMMA_1000000)_OpenML,1000000,47,1689191808.154825,1689194708.411941,1
BNG(cmc_COMMA_nominal_COMMA_55296)_OpenML,0,0,0,0,-1
BNG(mushroom)_OpenML,1000000,22,1689194711.4441652,0,-22
BNG(mushroom)_OpenML,1000000,22,1689194711.4441652,1689196412.281502,1
BNG(colic.ORIG_COMMA_nominal_COMMA_1000000)_OpenML,1000000,27,1689196413.108425,0,-22
BNG(colic.ORIG_COMMA_nominal_COMMA_1000000)_OpenML,1000000,27,1689196413.108425,1689198294.956578,1
BNG(colic_COMMA_nominal_COMMA_1000000)_OpenML,1000000,22,1689198296.1897202,0,-22
BNG(colic_COMMA_nominal_COMMA_1000000)_OpenML,1000000,22,1689198296.1897202,1689199986.287175,1
BNG(optdigits)_OpenML,1000000,64,1689199987.395031,0,-22
BNG(optdigits)_OpenML,0,0,0,0,-23
BNG(credit-a_COMMA_nominal_COMMA_1000000)_OpenML,1000000,15,1689203587.2450838,0,-22
BNG(credit-a_COMMA_nominal_COMMA_1000000)_OpenML,1000000,15,1689203587.2450838,1689205298.2741199,1
BNG(page-blocks_COMMA_nominal_COMMA_295245)_OpenML,295245,10,1689205299.059249,0,-22
BNG(credit-g_COMMA_nominal_COMMA_1000000)_OpenML,1000000,20,1689205461.5506291,0,-22
BNG(credit-g_COMMA_nominal_COMMA_1000000)_OpenML,1000000,20,1689205461.5506291,1689207073.331743,1
BNG(pendigits_COMMA_nominal_COMMA_1000000)_OpenML,1000000,16,1689207074.139883,0,-22
BNG(pendigits_COMMA_nominal_COMMA_1000000)_OpenML,1000000,16,1689207074.139883,1689209250.8925598,1
BNG(cylinder-bands_COMMA_nominal_COMMA_1000000)_OpenML,1000000,39,1689209253.14897,0,-22
BNG(cylinder-bands_COMMA_nominal_COMMA_1000000)_OpenML,1000000,39,1689209253.14897,1689211835.556375,1
BNG(dermatology_COMMA_nominal_COMMA_1000000)_OpenML,1000000,34,1689211837.535388,0,-22
BNG(dermatology_COMMA_nominal_COMMA_1000000)_OpenML,1000000,34,1689211837.535388,1689213990.381363,1
BNG(segment)_OpenML,1000000,19,1689213992.2641459,0,-22
BNG(segment)_OpenML,1000000,19,1689213992.2641459,1689216025.280705,1
BNG(sick_COMMA_nominal_COMMA_1000000)_OpenML,1000000,29,1689216027.607518,0,-22
BNG(sonar_COMMA_nominal_COMMA_1000000)_OpenML,1000000,60,1689217308.24444,0,-22
BNG(sonar_COMMA_nominal_COMMA_1000000)_OpenML,1000000,60,1689217308.24444,1689220477.24597,1
BNG(glass_COMMA_nominal_COMMA_137781)_OpenML,0,0,0,0,-1
BNG(soybean)_OpenML,1000000,35,1689220480.3909361,0,-22
BNG(soybean)_OpenML,1000000,35,1689220480.3909361,1689222679.157241,1
BNG(spambase)_OpenML,1000000,57,1689222680.3427892,0,-22
BNG(heart-c_COMMA_nominal_COMMA_1000000)_OpenML,1000000,13,1689222848.2490811,0,-22
BNG(heart-c_COMMA_nominal_COMMA_1000000)_OpenML,1000000,13,1689222848.2490811,1689224227.0618958,1
BNG(tic-tac-toe)_OpenML,0,0,0,0,-1
BNG(heart-h_COMMA_nominal_COMMA_1000000)_OpenML,1000000,13,1689224228.946974,0,-22
BNG(heart-h_COMMA_nominal_COMMA_1000000)_OpenML,1000000,13,1689224228.946974,1689225645.12817,1
BNG(trains)_OpenML,1000000,32,1689225647.396576,0,-22
BNG(trains)_OpenML,1000000,32,1689225647.396576,1689228344.521749,1
BNG(heart-statlog_COMMA_nominal_COMMA_1000000)_OpenML,1000000,13,1689228346.470037,0,-22
BNG(heart-statlog_COMMA_nominal_COMMA_1000000)_OpenML,1000000,13,1689228346.470037,1689229722.2566981,1
BNG(vehicle_COMMA_nominal_COMMA_1000000)_OpenML,1000000,18,1689229723.106326,0,-22
BNG(vehicle_COMMA_nominal_COMMA_1000000)_OpenML,1000000,18,1689229723.106326,1689231319.942107,1
BNG(hepatitis_COMMA_nominal_COMMA_1000000)_OpenML,1000000,19,1689231322.150988,0,-22
BNG(hepatitis_COMMA_nominal_COMMA_1000000)_OpenML,1000000,19,1689231322.150988,1689232931.62775,1
BNG(vote)_OpenML,131072,16,1689232933.7154508,0,-22
BNG(vote)_OpenML,131072,16,1689232933.7154508,1689232971.9595032,1
BNG(hypothyroid_COMMA_nominal_COMMA_1000000)_OpenML,1000000,29,1689232972.79041,0,-22
BNG(ionosphere)_OpenML,1000000,34,1689234251.15631,0,-22
BNG(ionosphere)_OpenML,1000000,34,1689234251.15631,1689236667.301846,1
BNG(waveform-5000_COMMA_nominal_COMMA_1000000)_OpenML,1000000,40,1689236668.9403892,0,-22
BNG(waveform-5000_COMMA_nominal_COMMA_1000000)_OpenML,1000000,40,1689236668.9403892,1689239611.647439,1
BNG(zoo_COMMA_nominal_COMMA_1000000)_OpenML,1000000,17,1689239612.866237,0,-22
BNG(zoo_COMMA_nominal_COMMA_1000000)_OpenML,1000000,17,1689239612.866237,1689241122.774184,1
CovPokElec_OpenML,1455525,72,1689241124.3229299,0,-22
covertype_OpenML,581012,54,1689242250.135913,0,-22
electricity_OpenML,0,0,0,0,-1
Hyperplane_10_1E-3_OpenML,1000000,10,1689242585.391531,0,-22
Hyperplane_10_1E-3_OpenML,1000000,10,1689242585.391531,1689243859.578903,1
Hyperplane_10_1E-4_OpenML,1000000,10,1689243860.446084,0,-22
Hyperplane_10_1E-4_OpenML,1000000,10,1689243860.446084,1689245135.650825,1
LED(50000)_OpenML,1000000,24,1689245137.575263,0,-22
LED(50000)_OpenML,1000000,24,1689245137.575263,1689247568.1777542,1
pokerhand_OpenML,829201,10,1689247569.071729,0,-22
pokerhand_OpenML,829201,10,1689247569.071729,1689248426.500326,1
RandomRBF_0_0_OpenML,1000000,10,1689248427.5825448,0,-22
RandomRBF_10_1E-3_OpenML,1000000,10,1689248708.1045802,0,-22
RandomRBF_10_1E-4_OpenML,1000000,10,1689249022.80234,0,-22
RandomRBF_50_1E-3_OpenML,1000000,10,1689249324.655977,0,-22
RandomRBF_50_1E-3_OpenML,1000000,10,1689249324.655977,1689250588.999274,1
RandomRBF_50_1E-4_OpenML,1000000,10,1689250589.827468,0,-22
RandomRBF_50_1E-4_OpenML,1000000,10,1689250589.827468,1689251856.623352,1
SEA(50)_OpenML,0,0,0,0,-1
SEA(50000)_OpenML,0,0,0,0,-1
adult_OpenML,0,0,0,0,-1
covertype_OpenML,110393,54,1689251861.877393,0,-22
covertype_OpenML,110393,54,1689251861.877393,1689251897.7867389,1
kropt_OpenML,0,0,0,0,-1
pol_OpenML,15000,48,1689251900.519319,0,-22
pol_OpenML,15000,48,1689251900.519319,1689251901.287186,1
2dplanes_OpenML,40768,10,1689251902.7568681,0,-22
2dplanes_OpenML,40768,10,1689251902.7568681,1689251904.874933,1
elevators_OpenML,16599,18,1689251906.1073558,0,-22
elevators_OpenML,16599,18,1689251906.1073558,1689251906.554392,1
house_8L_OpenML,0,0,0,0,-1
BNG(anneal)_OpenML,1000000,38,1689251909.739552,0,-22
BNG(anneal)_OpenML,1000000,38,1689251909.739552,1689254225.082538,1
BNG(anneal.ORIG)_OpenML,1000000,38,1689254226.0331898,0,-22
BNG(anneal.ORIG)_OpenML,1000000,38,1689254226.0331898,1689256562.323723,1
BNG(labor)_OpenML,1000000,16,1689256564.478474,0,-22
BNG(labor)_OpenML,1000000,16,1689256564.478474,1689258748.807316,1
BNG(letter)_OpenML,1000000,16,1689258750.7433689,0,-22
BNG(letter)_OpenML,1000000,16,1689258750.7433689,1689260918.9102678,1
BNG(autos)_OpenML,1000000,25,1689260920.0219378,0,-22
BNG(autos)_OpenML,1000000,25,1689260920.0219378,1689262725.7340748,1
BNG(lymph)_OpenML,1000000,18,1689262727.6675892,0,-22
BNG(lymph)_OpenML,1000000,18,1689262727.6675892,1689264266.2882519,1
BNG(mfeat-fourier)_OpenML,1000000,76,1689264267.615405,0,-22
BNG(mfeat-fourier)_OpenML,0,0,0,0,-23
BNG(breast-w)_OpenML,0,0,0,0,-1
BNG(mfeat-karhunen)_OpenML,1000000,64,1689267870.0472581,0,-22
BNG(mfeat-karhunen)_OpenML,0,0,0,0,-23
BNG(bridges_version1)_OpenML,1000000,12,1689271469.6838138,0,-22
BNG(bridges_version1)_OpenML,1000000,12,1689271469.6838138,1689272791.409112,1
BNG(mfeat-zernike)_OpenML,1000000,47,1689272793.362342,0,-22
BNG(mfeat-zernike)_OpenML,1000000,47,1689272793.362342,1689275695.6025112,1
BNG(cmc)_OpenML,0,0,0,0,-1
BNG(colic.ORIG)_OpenML,1000000,27,1689275698.797179,0,-22
BNG(colic.ORIG)_OpenML,1000000,27,1689275698.797179,1689277578.992547,1
BNG(colic)_OpenML,1000000,22,1689277581.047922,0,-22
BNG(colic)_OpenML,1000000,22,1689277581.047922,1689279270.7987258,1
BNG(credit-a)_OpenML,1000000,15,1689279272.8318489,0,-22
BNG(credit-a)_OpenML,1000000,15,1689279272.8318489,1689280955.372135,1
BNG(page-blocks)_OpenML,295245,10,1689280956.3417192,0,-22
BNG(page-blocks)_OpenML,295245,10,1689280956.3417192,1689281065.685686,1
BNG(credit-g)_OpenML,1000000,20,1689281066.74667,0,-22
BNG(credit-g)_OpenML,1000000,20,1689281066.74667,1689282676.633876,1
BNG(pendigits)_OpenML,1000000,16,1689282677.515578,0,-22
BNG(pendigits)_OpenML,1000000,16,1689282677.515578,1689284826.5572538,1
BNG(cylinder-bands)_OpenML,1000000,39,1689284828.4558258,0,-22
BNG(cylinder-bands)_OpenML,1000000,39,1689284828.4558258,1689287414.1176891,1
BNG(dermatology)_OpenML,1000000,34,1689287415.111687,0,-22
BNG(dermatology)_OpenML,1000000,34,1689287415.111687,1689289565.6289768,1
BNG(sonar)_OpenML,1000000,60,1689289566.854432,0,-22
BNG(sonar)_OpenML,1000000,60,1689289566.854432,1689292738.738409,1
BNG(glass)_OpenML,0,0,0,0,-1
BNG(heart-c)_OpenML,1000000,13,1689292741.766638,0,-22
BNG(heart-c)_OpenML,1000000,13,1689292741.766638,1689294099.260569,1
BNG(heart-statlog)_OpenML,1000000,13,1689294100.752545,0,-22
BNG(heart-statlog)_OpenML,1000000,13,1689294100.752545,1689295459.209676,1
BNG(vehicle)_OpenML,1000000,18,1689295461.103455,0,-22
BNG(vehicle)_OpenML,1000000,18,1689295461.103455,1689296995.23562,1
BNG(hepatitis)_OpenML,1000000,19,1689296996.4061499,0,-22
BNG(hepatitis)_OpenML,1000000,19,1689296996.4061499,1689298569.8772879,1
BNG(waveform-5000)_OpenML,1000000,40,1689298572.010265,0,-22
BNG(waveform-5000)_OpenML,1000000,40,1689298572.010265,1689301622.568403,1
BNG(zoo)_OpenML,1000000,16,1689301623.8231602,0,-22
IMDB.drama_OpenML,0,0,0,0,-1
20_newsgroups.drift_OpenML,399940,1001,1689303582.986482,0,-22
20_newsgroups.drift_OpenML,0,0,0,0,-23
meta_stream_intervals.arff_OpenML,45164,74,1689307167.050313,0,-22
meta_stream_intervals.arff_OpenML,45164,74,1689307167.050313,1689307174.65901,1
covertype_OpenML,0,0,0,0,-1
Ailerons_OpenML,13750,40,1689307185.7316191,0,-22
Ailerons_OpenML,13750,40,1689307185.7316191,1689307186.324522,1
mammography_OpenML,0,0,0,0,-1
mv_OpenML,40768,10,1689307189.116128,0,-22
mv_OpenML,40768,10,1689307189.116128,1689307191.225666,1
webdata_wXa_OpenML,0,0,0,0,-1
codrna_OpenML,0,0,0,0,-1
poker_OpenML,0,0,0,0,-1
vehicle_sensIT_OpenML,0,0,0,0,-1
internet_usage_OpenML,0,0,0,0,-1
ohscal.wc_OpenML,0,0,0,0,-1
houses_OpenML,0,0,0,0,-1
mnist_784_OpenML,70000,784,1689307227.264123,0,-22
mnist_784_OpenML,70000,784,1689307227.264123,1689307387.0398269,1
fried_OpenML,40768,10,1689307388.161633,0,-22
fried_OpenML,40768,10,1689307388.161633,1689307390.331163,1
house_16H_OpenML,22784,16,1689307391.472768,0,-22
house_16H_OpenML,22784,16,1689307391.472768,1689307392.633573,1
pol_OpenML,15000,48,1689307393.714977,0,-22
pol_OpenML,15000,48,1689307393.714977,1689307394.493122,1
2dplanes_OpenML,40768,10,1689307395.9476721,0,-22
2dplanes_OpenML,40768,10,1689307395.9476721,1689307398.074406,1
ailerons_OpenML,13750,40,1689307399.298327,0,-22
ailerons_OpenML,13750,40,1689307399.298327,1689307399.8867369,1
house_16H_OpenML,22784,16,1689307401.531083,0,-22
house_16H_OpenML,22784,16,1689307401.531083,1689307402.693472,1
houses_OpenML,0,0,0,0,-1
house_8L_OpenML,0,0,0,0,-1
elevators_OpenML,16599,18,1689307406.0506392,0,-22
elevators_OpenML,16599,18,1689307406.0506392,1689307406.493224,1
mv_OpenML,40768,10,1689307408.291723,0,-22
mv_OpenML,40768,10,1689307408.291723,1689307410.399178,1
fried_OpenML,40768,10,1689307411.60494,0,-22
fried_OpenML,40768,10,1689307411.60494,1689307413.7790139,1
nursery_OpenML,0,0,0,0,-1
letter_OpenML,20000,16,1689307416.0954251,0,-22
letter_OpenML,20000,16,1689307416.0954251,1689307417.02234,1
kdd_internet_usage_OpenML,0,0,0,0,-1
pendigits_OpenML,10992,16,1689307419.462966,0,-22
pendigits_OpenML,10992,16,1689307419.462966,1689307419.74257,1
sylva_prior_OpenML,14395,108,1689307420.6640902,0,-22
sylva_prior_OpenML,14395,108,1689307420.6640902,1689307421.7374651,1
eye_movements_OpenML,10936,27,1689307422.861621,0,-22
eye_movements_OpenML,10936,27,1689307422.861621,1689307423.1206641,1
mozilla4_OpenML,0,0,0,0,-1
jm1_OpenML,0,0,0,0,-1
KDDCup99_full_OpenML,4898431,41,1689307427.746474,0,-22
KDDCup09_appetency_OpenML,0,0,0,0,-1
KDDCup09_churn_OpenML,0,0,0,0,-1
KDDCup99_OpenML,494020,41,1689308526.5486772,0,-22
KDDCup09_upselling_OpenML,0,0,0,0,-1
adult-census_OpenML,0,0,0,0,-1
MagicTelescope_OpenML,19020,10,1689308843.6114519,0,-22
MagicTelescope_OpenML,19020,10,1689308843.6114519,1689308844.085855,1
airlines_OpenML,0,0,0,0,-1
BNG(primary-tumor)_OpenML,1000000,17,1689308847.039205,0,-22
BNG(primary-tumor)_OpenML,1000000,17,1689308847.039205,1689317519.137491,1
BNG(solar-flare)_OpenML,663552,12,1689317520.221303,0,-22
BNG(solar-flare)_OpenML,663552,12,1689317520.221303,1689318170.344654,1
BNG(solar-flare)_OpenML,1000000,12,1689318172.4823208,0,-22
BNG(spect_test)_OpenML,1000000,22,1689319552.871619,0,-22
BNG(spect_test)_OpenML,1000000,22,1689319552.871619,1689321272.937184,1
BNG(spectf_test)_OpenML,1000000,44,1689321275.425715,0,-22
BNG(spectf_test)_OpenML,1000000,44,1689321275.425715,1689323811.1693199,1
BNG(adult)_OpenML,1000000,14,1689323812.1424599,0,-22
BNG(adult)_OpenML,1000000,14,1689323812.1424599,1689325203.898583,1
BNG(satimage)_OpenML,1000000,36,1689325206.0405529,0,-22
BNG(satimage)_OpenML,1000000,36,1689325206.0405529,1689327431.794212,1
BNG(baseball)_OpenML,0,0,0,0,-1
BNG(wine)_OpenML,1000000,13,1689327433.79669,0,-22
BNG(wine)_OpenML,1000000,13,1689327433.79669,1689328790.358573,1
BNG(eucalyptus)_OpenML,1000000,19,1689328791.2937841,0,-22
BNG(eucalyptus)_OpenML,1000000,19,1689328791.2937841,1689330369.0256739,1
BNG(wisconsin)_OpenML,1000000,32,1689330371.089482,0,-22
BNG(wisconsin)_OpenML,1000000,32,1689330371.089482,1689333124.225625,1
BNG(cleveland)_OpenML,1000000,13,1689333126.212707,0,-22
BNG(cleveland)_OpenML,1000000,13,1689333126.212707,1689334483.020812,1
BNG(auto_price)_OpenML,1000000,15,1689334484.9444969,0,-22
BNG(auto_price)_OpenML,1000000,15,1689334484.9444969,1689336167.4039629,1
BNG(cpu_act)_OpenML,1000000,21,1689336168.4082649,0,-22
BNG(cpu_act)_OpenML,1000000,21,1689336168.4082649,1689337820.724603,1
BNG(pbc)_OpenML,1000000,18,1689337821.7625659,0,-22
BNG(pbc)_OpenML,1000000,18,1689337821.7625659,1689339357.737469,1
BNG(autoHorse)_OpenML,1000000,25,1689339358.749877,0,-22
BNG(autoHorse)_OpenML,1000000,25,1689339358.749877,1689341163.602122,1
BNG(lowbwt)_OpenML,0,0,0,0,-1
BNG(cholesterol)_OpenML,1000000,13,1689341165.5774379,0,-22
BNG(cholesterol)_OpenML,1000000,13,1689341165.5774379,1689342522.093894,1
BNG(autoPrice)_OpenML,1000000,15,1689342523.0109189,0,-22
BNG(autoPrice)_OpenML,1000000,15,1689342523.0109189,1689344216.234466,1
BNG(pharynx)_OpenML,1000000,10,1689344217.0656781,0,-22
BNG(pharynx)_OpenML,1000000,10,1689344217.0656781,1689345473.3409011,1
BNG(2dplanes)_OpenML,177147,10,1689345474.0595882,0,-22
BNG(2dplanes)_OpenML,177147,10,1689345474.0595882,1689345513.700376,1
BNG(elevators)_OpenML,1000000,18,1689345515.218764,0,-22
BNG(elevators)_OpenML,1000000,18,1689345515.218764,1689347050.208071,1
BNG(echoMonths)_OpenML,0,0,0,0,-1
BNG(stock)_OpenML,0,0,0,0,-1
BNG(breastTumor)_OpenML,0,0,0,0,-1
BNG(cpu_small)_OpenML,1000000,12,1689347054.970942,0,-22
BNG(cpu_small)_OpenML,1000000,12,1689347054.970942,1689348373.4649851,1
BNG(pwLinear)_OpenML,177147,10,1689348374.841346,0,-22
BNG(pwLinear)_OpenML,177147,10,1689348374.841346,1689348414.5893319,1
BNG(wine_quality)_OpenML,531441,11,1689348416.105498,0,-22
BNG(wine_quality)_OpenML,531441,11,1689348416.105498,1689348781.4751492,1
BNG(Australian)_OpenML,1000000,14,1689348782.936765,0,-22
BNG(Australian)_OpenML,1000000,14,1689348782.936765,1689350254.0736508,1
BNG(satellite_image)_OpenML,1000000,36,1689350256.4542809,0,-22
BNG(satellite_image)_OpenML,1000000,36,1689350256.4542809,1689352482.1509671,1
BNG(Ailerons)_OpenML,1000000,40,1689352483.29102,0,-22
BNG(Ailerons)_OpenML,1000000,40,1689352483.29102,1689355495.977104,1
BNG(libras_move)_OpenML,1000000,90,1689355498.647062,0,-22
BNG(libras_move)_OpenML,0,0,0,0,-23
BNG(vowel)_OpenML,1000000,12,1689359099.118102,0,-22
BNG(vowel)_OpenML,1000000,12,1689359099.118102,1689360415.874493,1
BNG(puma32H)_OpenML,1000000,32,1689360417.4202209,0,-22
BNG(puma32H)_OpenML,1000000,32,1689360417.4202209,1689363155.2553558,1
BNG(SPECT)_OpenML,1000000,22,1689363156.2224388,0,-22
BNG(SPECT)_OpenML,1000000,22,1689363156.2224388,1689364923.711659,1
BNG(SPECTF)_OpenML,1000000,44,1689364925.2266712,0,-22
BNG(SPECTF)_OpenML,1000000,44,1689364925.2266712,1689367460.16787,1
BNG(mv)_OpenML,78732,10,1689367461.07212,0,-22
BNG(mv)_OpenML,78732,10,1689367461.07212,1689367468.872962,1
BNG(JapaneseVowels)_OpenML,1000000,14,1689367470.622089,0,-22
BNG(JapaneseVowels)_OpenML,1000000,14,1689367470.622089,1689368867.1977978,1
Click_prediction_small_OpenML,0,0,0,0,-1
Click_prediction_small_OpenML,149639,11,1689368869.459275,0,-22
Click_prediction_small_OpenML,149639,11,1689368869.459275,1689368903.028228,1
Click_prediction_small_OpenML,1997410,11,1689368905.048476,0,-22
Click_prediction_small_OpenML,399482,11,1689369728.053184,0,-22
Click_prediction_small_OpenML,399482,11,1689369728.053184,1689369979.5207858,1
Click_prediction_small_OpenML,0,0,0,0,-1
letter-challenge-unlabeled.arff_OpenML,20000,16,1689369985.888375,0,-22
letter-challenge-unlabeled.arff_OpenML,20000,16,1689369985.888375,1689369986.818975,1
Click_prediction_small_OpenML,0,0,0,0,-1
Agrawal1_OpenML,0,0,0,0,-1
Stagger1_OpenML,0,0,0,0,-1
Stagger2_OpenML,0,0,0,0,-1
Stagger3_OpenML,0,0,0,0,-1
AirlinesCodrnaAdult_OpenML,0,0,0,0,-1
codrnaNorm_OpenML,0,0,0,0,-1
vehicleNorm_OpenML,0,0,0,0,-1
BNG(anneal_COMMA_1000_COMMA_1)_OpenML,1000000,38,1689370007.5913012,0,-22
BNG(anneal_COMMA_1000_COMMA_1)_OpenML,1000000,38,1689370007.5913012,1689372310.6180449,1
BNG(anneal_COMMA_1000_COMMA_5)_OpenML,1000000,38,1689372313.0193028,0,-22
BNG(anneal_COMMA_1000_COMMA_5)_OpenML,1000000,38,1689372313.0193028,1689379792.612708,1
BNG(anneal_COMMA_1000_COMMA_10)_OpenML,1000000,38,1689379793.667428,0,-22
BNG(anneal_COMMA_1000_COMMA_10)_OpenML,1000000,38,1689379793.667428,1689384463.2448099,1
BNG(anneal_COMMA_5000_COMMA_1)_OpenML,1000000,38,1689384464.308956,0,-22
BNG(anneal_COMMA_5000_COMMA_1)_OpenML,1000000,38,1689384464.308956,1689401502.723364,1
BNG(anneal_COMMA_5000_COMMA_5)_OpenML,1000000,38,1689401503.710152,0,-22
BNG(anneal_COMMA_5000_COMMA_5)_OpenML,1000000,38,1689401503.710152,1689405533.1262,1
BNG(anneal_COMMA_5000_COMMA_10)_OpenML,1000000,38,1689405534.1686232,0,-22
