Filename,Row,Columm,StartTime,EndTime,Completed
1595_poker,1025010,10,1686098628,1686098827,1
poker,1025010,10,1686098827,1686105354,1
1191_BNG_pbc,1000000,18,1686105359,1686105545,1
1196_BNG_pharynx,1000000,10,1686105546,1686105733,1
kddcup,494020,41,1686105736,1686107001,0
1203_BNG_pwLinear,177147,10,1686107038,1686107045,1
1201_BNG_breastTumor,116640,9,1686107045,1686107048,1
fars,100968,29,1686107049,1686107051,1
mnist,70000,784,1686107055,1686107056,1
connect_4,67557,42,1686107056,1686107057,1
shuttle,58000,9,1686107058,1686107058,1
adult,48842,14,1686107058,1686107059,1
215_2dplanes,40768,10,1686107059,1686107059,1
344_mv,40768,10,1686107059,1686107060,1
564_fried,40768,10,1686107060,1686107060,1
1193_BNG_lowbwt,31104,9,1686107060,1686107061,1
krkopt,28056,6,1686107061,1686107066,1
218_house_8L,22784,8,1686107066,1686107066,1
574_house_16H,22784,16,1686107066,1686107067,1
537_houses,20640,8,1686107067,1686107067,1
letter,20000,16,1686107067,1686107067,1
magic,19020,10,1686107067,1686107067,1
1199_BNG_echoMonths,17496,9,1686107067,1686107067,1
201_pol,15000,48,1686107067,1686107067,1
nursery,12958,8,1686107067,1686107069,1
pendigits,10992,16,1686107069,1686107069,1
BNG(anneal_COMMA_nominal_COMMA_1000000)_OpenML,1000000,38,1686276713,1686276984,1
BNG(page-blocks_COMMA_nominal_COMMA_295245)_OpenML,295245,10,1686276989,1686278188,1
BNG(glass_COMMA_nominal_COMMA_137781)_OpenML,137781,9,1686278196,1686278217,1
BNG(vote)_OpenML,131072,16,1686278222,1686278226,1
covertype_OpenML,581012,54,1686278239,1686279879,1
pokerhand_OpenML,829201,10,1686279889,1686280025,1
covertype_OpenML,110393,54,1686280032,1686280034,1
BNG(page-blocks)_OpenML,295245,10,1686280046,1686280063,1
BNG(glass)_OpenML,137781,9,1686280071,1686280080,1
IMDB.drama_OpenML,120919,1,1686280093,1686280093,0
20_newsgroups.drift_OpenML,399940,1001,1686280195,1686280226,1
covertype_OpenML,581012,1,1686280259,1686280259,0
codrna_OpenML,488565,1,1686280283,1686280283,0
KDDCup99_OpenML,494020,41,1686280292,1686281532,0
airlines_OpenML,539383,7,1686281575,1686281630,1
BNG(solar-flare)_OpenML,663552,12,1686281635,1686281755,1
BNG(2dplanes)_OpenML,177147,10,1686281761,1686281768,1
BNG(breastTumor)_OpenML,116640,9,1686281774,1686281777,1
BNG(pwLinear)_OpenML,177147,10,1686281782,1686281788,1
BNG(wine_quality)_OpenML,531441,11,1686281808,1686281863,1
Click_prediction_small_OpenML,149639,11,1686281871,1686281879,1
Click_prediction_small_OpenML,399482,11,1686281889,1686281946,1
Click_prediction_small_OpenML,798964,9,1686281962,1686282085,1
codrnaNorm_OpenML,488565,1,1686282111,1686282111,0
ldpa_OpenML,164860,7,1686282117,1686282123,1
skin-segmentation_OpenML,245057,3,1686282128,1686282139,1
spoken-arabic-digit_OpenML,263256,14,1686282150,1686282164,1
walking-activity_OpenML,149332,4,1686282169,1686282173,1
ijcnn_OpenML,191681,1,1686282186,1686282186,0
rcv1.binary_OpenML,697641,1,1686282351,1686282351,0
aloi_OpenML,108000,1,1686282361,1686282361,0
covertype_OpenML,581012,54,1686282380,1686282446,1
creditcard_OpenML,284807,29,1686282478,1686282494,1
Diabetes130US_OpenML,101766,49,1686282528,1686282530,1
Buzzinsocialmedia_Twitter_OpenML,583250,77,1686282563,1686282630,1
COMET_MC_SAMPLE_OpenML,761940,4,1686282798,1686282900,1
20_newsgroups.drift_OpenML,399940,1000,1686283055,1686283087,1
fars_OpenML,100968,29,1686283091,1686283094,1
EMNIST_Balanced_OpenML,131600,784,1686283160,1686283164,1
MiniBooNE_OpenML,130064,50,1686283261,1686283264,1
dionis_OpenML,416188,60,1686283302,1686283336,1
Klaverjas2018_OpenML,981541,32,1686283388,1686283577,1
black_friday_OpenML,166821,9,1686283591,1686283597,1
airlines_OpenML,539383,7,1686283603,1686283657,1
Kuzushiji-49_OpenML,270912,784,1686286180,1686286194,1
CreditCardFraudDetection_OpenML,284807,30,1686286413,1686286429,1
sf-police-incidents_OpenML,538638,6,1686286547,1686286601,1
aloi_OpenML,108000,128,1686286713,1686286716,1
CreditCardFraudDetection_OpenML,284807,30,1686286761,1686286776,1
SantanderCustomerSatisfaction_OpenML,200000,201,1686286895,1686286902,1
hls4ml_lhc_jets_hlf_OpenML,830000,16,1686287008,1686287144,1
medical_charges_nominal_OpenML,163065,11,1686287153,1686287159,1
Allstate_Claims_Severity_OpenML,188318,130,1686287175,1686287182,1
RelevantImagesDatasetTEST_OpenML,134731,30,1686287189,1686287193,1
Yolanda_OpenML,400000,100,1686287288,1686287320,1
nyc-taxi-green-dec-2016_OpenML,581835,18,1686287337,1686287403,1
30mlday_OpenML,300000,24,1686287561,1686287581,1
Porto_Seguro_Safe_Driver_Prediction_2nd_Place_Lightgbm_Solution_OpenML,595212,223,1686287624,1686287694,1
SGEMM_GPU_kernel_performance_OpenML,241600,17,1686287723,1686287735,1
SGEMM_GPU_kernel_performance_OpenML,241600,14,1686289554,1686289566,1
medical_charges_OpenML,188806,12,1686289582,1686289590,1
covertype_OpenML,423680,54,1686289604,1686289642,1
covertype_OpenML,566602,10,1686289660,1686289726,1
covertype_OpenML,566602,10,1686289745,1686289812,1
covertype_OpenML,566602,10,1686289829,1686289895,1
Higgs_OpenML,940160,24,1686289950,1686290132,1
nyc-taxi-green-dec-2016_OpenML,581835,9,1686290141,1686290210,1
medical_charges_OpenML,163065,3,1686290217,1686290222,1
nyc-taxi-green-dec-2016_OpenML,581835,9,1686290230,1686290298,1
medical_charges_OpenML,163065,3,1686290306,1686290311,1
year_OpenML,515345,90,1686290385,1686290440,1
covertype_OpenML,423680,54,1686290456,1686290493,1
road-safety_OpenML,111762,32,1686290500,1686290503,1
black_friday_OpenML,166821,9,1686290508,1686290514,1
nyc-taxi-green-dec-2016_OpenML,581835,10,1686290523,1686290610,1
Allstate_Claims_Severity_OpenML,188318,124,1686290625,1686290633,1
nyc-taxi-green-dec-2016_OpenML,581835,16,1686290641,1686290709,1
black_friday_OpenML,166821,9,1686290714,1686290720,1
nyc-taxi-green-dec-2016_OpenML,581835,10,1686290727,1686290813,1
Allstate_Claims_Severity_OpenML,188318,124,1686290830,1686290838,1
nyc-taxi-green-dec-2016_OpenML,581835,16,1686290847,1686290914,1
particulate-matter-ukair-2017_OpenML,394299,6,1686290921,1686290950,1
SGEMM_GPU_kernel_performance_OpenML,241600,9,1686290956,1686290968,1
Higgs_OpenML,940160,24,1686291016,1686291193,1
covertype_OpenML,566602,10,1686291214,1686291278,1
Higgs_OpenML,940160,24,1686291343,1686291517,1
covertype_OpenML,566602,10,1686291535,1686291599,1
covertype_OpenML,566602,10,1686291616,1686291680,1
Higgs_OpenML,940160,24,1686291743,1686291917,1
nyc-taxi-green-dec-2016_OpenML,581835,9,1686291926,1686291993,1
medical_charges_OpenML,163065,3,1686292000,1686292005,1
covertype_OpenML,423680,54,1686292019,1686292055,1
road-safety_OpenML,111762,32,1686292062,1686292065,1
Credit_Card_Fraud_Detection_OpenML,284807,30,1686292113,1686292129,1
sgemm_gpu_kernel_performance_OpenML,241600,14,1686292161,1686292172,1
nyc_taxi_green_OpenML,581835,18,1686292181,1686292247,1
road-safety_OpenML,111762,32,1686292255,1686292258,1
Allstate_Claims_Severity_OpenML,188318,124,1686292281,1686292288,1
medical_charges_OpenML,163065,3,1686292294,1686292299,1
fars_OpenML,100959,29,1686292304,1686292306,1
hcdr_OpenML,244280,69,1686292330,1686292342,1
airlines_OpenML,539383,7,1686292350,1686292406,1
road-safety_OpenML,111762,32,1686292413,1686292416,1
ATLAS-Higgs-Boson-Machine-Learning-Challenge-2014_OpenML,818238,30,1686292499,1686292632,1
Dota2-Games-Results-Data-Set_OpenML,102944,116,1686292721,1686292724,1
SantanderCustomerSatisfaction_OpenML,200000,200,1686292786,1686292794,1
BNG(anneal.ORIG_COMMA_nominal_COMMA_1000000)_OpenML,1000000,38,1686471641,1686471955,1
BNG(kr-vs-kp)_OpenML,1000000,36,1686471958,1686472178,1
BNG(labor_COMMA_nominal_COMMA_1000000)_OpenML,1000000,16,1686472180,1686472404,1
BNG(letter_COMMA_nominal_COMMA_1000000)_OpenML,1000000,16,1686472407,1686472651,1
BNG(autos_COMMA_nominal_COMMA_1000000)_OpenML,1000000,25,1686472655,1686472851,1
BNG(lymph_COMMA_nominal_COMMA_1000000)_OpenML,1000000,18,1686472853,1686473055,1
BNG(mfeat-fourier_COMMA_nominal_COMMA_1000000)_OpenML,1000000,76,1686473060,1686473262,1
BNG(mfeat-karhunen_COMMA_nominal_COMMA_1000000)_OpenML,1000000,64,1686473265,1686473462,1
BNG(bridges_version1_COMMA_nominal_COMMA_1000000)_OpenML,1000000,12,1686473463,1686473659,1
BNG(bridges_version2_COMMA_nominal_COMMA_1000000)_OpenML,1000000,12,1686473660,1686473860,1
BNG(mfeat-zernike_COMMA_nominal_COMMA_1000000)_OpenML,1000000,47,1686473864,1686474062,1
BNG(mushroom)_OpenML,1000000,22,1686474065,1686474271,1
BNG(colic.ORIG_COMMA_nominal_COMMA_1000000)_OpenML,1000000,27,1686474275,1686474470,1
BNG(colic_COMMA_nominal_COMMA_1000000)_OpenML,1000000,22,1686474472,1686474670,1
BNG(optdigits)_OpenML,1000000,64,1686474674,1686474869,1
BNG(credit-a_COMMA_nominal_COMMA_1000000)_OpenML,1000000,15,1686474871,1686475096,1
BNG(credit-g_COMMA_nominal_COMMA_1000000)_OpenML,1000000,20,1686475099,1686475296,1
BNG(pendigits_COMMA_nominal_COMMA_1000000)_OpenML,1000000,16,1686475299,1686475523,1
BNG(cylinder-bands_COMMA_nominal_COMMA_1000000)_OpenML,1000000,39,1686475527,1686475721,1
BNG(dermatology_COMMA_nominal_COMMA_1000000)_OpenML,1000000,34,1686475725,1686475920,1
BNG(segment)_OpenML,1000000,19,1686475922,1686476383,1
BNG(sick_COMMA_nominal_COMMA_1000000)_OpenML,1000000,29,1686476389,1686479235,1
BNG(sonar_COMMA_nominal_COMMA_1000000)_OpenML,1000000,60,1686479244,1686479441,1
BNG(soybean)_OpenML,1000000,35,1686479444,1686479643,1
BNG(spambase)_OpenML,1000000,57,1686479645,1686480917,0
