Filename,Row,Columm,Estimated_Time,100,200,300,400,500,600,700,800,900,1000,2000,3000,6000,9000,12000,15000,20000
BNG(pendigits)_OpenML,?,?,?,?,?,?,?,?,?,?,?,?,?,?,?,?,?,?,?,?
BNG(mv)_OpenML,?,?,?,?,?,?,?,?,?,?,?,?,254.71,1499.7,5142.12,?,?,?,?,?
mnist_784_OpenML,70000,785,69.62334316,0.007521152,0.009147167,0.011684895,0.013233185,0.017000914,0.023213148,0.029212952,0.037786007,0.039638996,0.045100212,0.149803162,0.318532228,1.461354017,3.557633877,7.407593012,12.61474872,24.87092876
Diabetes130US_OpenML,101766,50,100.9466001,0.007750034,0.018107891,0.019178867,0.01565814,0.024367809,0.030133963,0.033911943,0.038772106,0.043226957,0.048285961,0.146386147,0.324809074,1.478606224,3.721678972,7.02383399,12.16952872,24.99226904
numerai28.6_OpenML,96320,22,110.4961524,0.00637126,0.012536764,0.01433897,0.015295029,0.021592855,0.030387402,0.044054985,0.043788195,0.06055975,0.062679768,0.182291031,0.394290924,1.791892052,4.209616899,8.320088148,14.29103708,28.7059629
covertype_OpenML,110393,55,124.1602379,0.005961895,0.007173061,0.012299061,0.023916006,0.015503168,0.018779039,0.030145884,0.039713144,0.033525944,0.037978888,0.399322033,0.300276995,1.725259066,3.591269016,9.078687429,14.65185213,27.34218025
BNG(vote)_OpenML,131072,17,164.3453038,0.006324053,0.00807786,0.016612768,0.013932943,0.021276236,0.032873869,0.043118954,0.047320127,0.056614876,0.072149038,0.211168289,0.476694822,2.106727839,4.696111917,9.148129225,15.82978415,30.97789216
BNG(2dplanes)_OpenML,177147,11,274.4821789,0.008876085,0.012556076,0.015291929,0.024514914,0.036566973,0.057035923,0.068046093,0.077491045,0.092707157,0.091008902,0.264539242,0.712023973,2.34944272,5.546425819,12.46638393,20.07115793,37.33679509
BNG(pwLinear)_OpenML,177147,11,279.7034031,0.007124901,0.010635138,0.023196936,0.028049231,0.041752815,0.061303139,0.066588879,0.067722082,0.09427309,0.095463991,0.310039043,0.714725971,2.698151112,6.177779198,11.50166082,19.06101513,39.40628314
BNG(page-blocks_COMMA_nominal_COMMA_295245)_OpenML,295245,11,349.9091258,0.005425215,0.009169102,0.021719933,0.022614717,0.028141975,0.036344051,0.042912722,0.043479681,0.044192076,0.050828218,0.193801165,0.4489007,2.139318943,4.893746853,8.768849373,14.98882794,28.79472828
spoken-arabic-digit_OpenML,263256,15,900.7027091,0.007502079,0.012938023,0.024681091,0.024161816,0.046197176,0.068904161,0.10078907,0.108053684,0.131370068,0.152111053,0.564097881,1.134773731,4.637983799,10.01499796,22.29491782,47.45193005,83.21500492
BNG(SPECTF)_OpenML,1000000,45,952.970294,0.007400274,0.008033037,0.009814739,0.011578083,0.014539003,0.02010107,0.024434805,0.02952075,0.043015957,0.044748068,0.135488033,0.308797836,1.386229992,3.301717997,6.696746111,11.65299606,23.70551491
BNG(cpu_small)_OpenML,1000000,13,957.0467818,0.007187128,0.007791996,0.010379076,0.012140751,0.015941143,0.021287918,0.025348902,0.031107187,0.034579992,0.040868044,0.133393049,0.319748163,1.404626846,3.455686092,6.800775766,11.68051195,23.74023509
BNG(autos_COMMA_10000_COMMA_10)_OpenML,1000000,26,967.2587254,0.005913019,0.009541988,0.009833813,0.011438131,0.013811111,0.021462917,0.024370909,0.029967785,0.035026073,0.038403034,0.135249853,0.29933691,1.391221046,3.326302052,6.711714745,11.61523199,24.25254393
BNG(mfeat-zernike)_OpenML,1000000,48,968.674944,0.006309032,0.009548664,0.009631157,0.012883902,0.015800238,0.02091217,0.033202887,0.040304184,0.044192791,0.046615124,0.135004044,0.303025961,1.419294834,3.472567081,6.873464108,11.9126091,23.98474288
BNG(cylinder-bands)_OpenML,1000000,40,977.8766487,0.006890297,0.007812023,0.010591984,0.013226986,0.014731884,0.020957232,0.024848938,0.032386065,0.036844969,0.043605089,0.139312029,0.30241704,1.383446932,3.37985611,6.733252764,12.45913982,24.05510616
BNG(cpu_act)_OpenML,1000000,22,992.9260751,0.006423712,0.010872126,0.015241861,0.015141726,0.016781092,0.021325111,0.028038979,0.030877352,0.036561966,0.040225983,0.138426781,0.312355042,1.451778889,3.585559845,6.987484217,12.29105997,24.54682016
BNG(autos_COMMA_10000_COMMA_1)_OpenML,1000000,26,994.7274205,0.006273985,0.008128166,0.009665966,0.011337996,0.015721083,0.020869255,0.034996986,0.03846693,0.044898033,0.040977955,0.137934685,0.315680027,1.408716917,3.434882879,6.859210968,11.79822087,25.06702209
BNG(auto_price)_OpenML,1000000,16,1013.78318,0.006494999,0.007908106,0.012204885,0.011407852,0.016475677,0.019944906,0.035522223,0.02675724,0.165955067,0.038594961,0.365785837,0.282505274,1.645465136,3.645619154,7.798829794,12.94729495,24.50226402
BNG(autos)_OpenML,1000000,26,1019.440967,0.006428957,0.013230801,0.015244007,0.018161297,0.014665842,0.025461912,0.025345087,0.031631231,0.047091961,0.052108049,0.145867109,0.300974846,1.379844904,5.186449289,6.776484728,11.84839106,25.48549986
BNG(autos_COMMA_1000_COMMA_10)_OpenML,1000000,26,1036.12052,0.005801916,0.014206886,0.013633013,0.016169071,0.014858961,0.02165699,0.025321007,0.029900074,0.034924984,0.049302101,0.136525154,0.30241394,1.388442993,4.557610989,8.57458806,11.83309793,25.42344499
BNG(mfeat-fourier)_OpenML,1000000,77,1037.652413,0.006057024,0.007941961,0.008762836,0.01059413,0.023811817,0.019927025,0.025461912,0.039335251,0.037145853,0.03895402,0.14131093,0.325370073,1.543033838,3.657839298,7.354795933,12.69413519,25.74966311
BNG(autoHorse)_OpenML,1000000,26,1053.803314,0.007690907,0.007545948,0.011332989,0.012741089,0.015864134,0.020895243,0.026697874,0.031603098,0.036469936,0.041113138,0.137634754,0.308978081,1.423659086,3.404312849,6.924465895,12.19105411,27.0028801
BNG(autos_COMMA_1000_COMMA_1)_OpenML,1000000,26,1055.70969,0.005872965,0.009405851,0.010788918,0.014121056,0.015560865,0.021010876,0.023656845,0.031147003,0.033051014,0.040474892,0.134374142,0.303673267,1.414588928,3.979373932,6.83220315,11.80895805,27.20607805
BNG(autos_COMMA_5000_COMMA_10)_OpenML,1000000,26,1073.017012,0.005875826,0.01252985,0.01154995,0.014453888,0.01637578,0.023779154,0.024034977,0.03015995,0.04476285,0.046289921,0.150454998,0.304089069,1.441137314,3.373754025,6.762083054,13.54550195,26.89691401
BNG(pbc)_OpenML,1000000,19,1097.274611,0.006711245,0.008654833,0.014071703,0.015877247,0.016987801,0.023698092,0.028514147,0.031179905,0.043501616,0.050909042,0.136680365,0.305156231,1.453999043,3.661196947,8.383459806,14.0500679,26.58247614
BNG(autos_COMMA_5000_COMMA_5)_OpenML,1000000,26,1115.545136,0.006599188,0.008359909,0.009562016,0.012153149,0.016023874,0.021723986,0.025729895,0.03204298,0.037216902,0.040984154,0.140804052,0.307299137,1.460253954,3.471312046,9.039452076,12.01257706,28.39235616
BNG(sonar)_OpenML,1000000,61,1144.899491,0.006846189,0.007991076,0.010462046,0.012918949,0.019117832,0.028907061,0.043320179,0.041093826,0.055790901,0.066118002,0.179491043,0.392227173,1.807224751,4.079457045,8.315916061,14.27288795,28.12184787
BNG(libras_move)_OpenML,1000000,91,1146.4986,0.006648064,0.009030342,0.009846687,0.01326704,0.019266844,0.029782057,0.035343885,0.03988409,0.046344042,0.055646181,0.170346975,0.399194717,1.780620813,4.215226889,8.30090189,14.09075379,28.2694509
BNG(spectf_test)_OpenML,1000000,45,1148.714657,?,?,?,?,?,?,?,?,?,0.038362026,0.143093109,0.318159103,1.449659109,3.451573849,6.858595848,11.7410121,23.96992493
Hyperplane_10_1E-4_OpenML,1000000,11,1200.14132,0.007825136,0.01479125,0.015973806,0.02452302,0.030819178,0.052053928,0.048460007,0.051651239,0.058361769,0.061926842,0.201577902,0.442086697,1.911996841,4.556605101,8.934051752,14.83550501,29.38979578
Hyperplane_10_1E-3_OpenML,1000000,11,1201.942084,0.006123066,0.010552883,0.015946865,0.016466856,0.02960515,0.0324018,0.035862923,0.046200037,0.059228897,0.069620132,0.191494942,0.429773092,1.885882139,4.556055069,8.860098839,14.91817784,29.42801476
BNG(autos_COMMA_1000_COMMA_5)_OpenML,1000000,26,1226.557752,?,?,?,?,?,?,?,?,?,0.065212011,0.139735937,0.315506935,1.395210266,4.300625086,8.042659998,11.9479301,25.64279509
LED(50000)_OpenML,1000000,25,1227.867935,0.006803989,0.008307934,0.011039257,0.025195122,0.026165009,0.041204929,0.06181097,0.070442915,0.067486048,0.071954966,0.232828856,0.513845921,1.898001909,4.500844002,9.600143909,15.76292396,29.50934696
RandomRBF_50_1E-4_OpenML,1000000,11,1233.950495,0.007859945,0.007992029,0.011073112,0.014522791,0.021271706,0.035736799,0.046594858,0.062728167,0.070261002,0.078341722,0.215023041,0.476691961,2.142137766,4.597930908,9.142406225,15.53612995,30.04954314
RandomRBF_0_0_OpenML,1000000,11,1240.223367,0.007207155,0.008070946,0.010132074,0.014873743,0.019904137,0.038331985,0.041720152,0.04992485,0.049569845,0.05847311,0.196760178,0.424560785,1.92734623,4.625103951,9.258955717,15.58034515,30.19597411
BNG(spambase)_OpenML,1000000,58,1260.429892,0.016324043,0.012040854,0.013438225,0.017964602,0.020257711,0.034286022,0.043661118,0.049050093,0.055531025,0.062524796,0.183553219,0.405133009,1.762166977,4.60189414,9.188274145,15.50643086,31.07383394
BNG(autoPrice)_OpenML,1000000,16,1263.148282,?,?,?,?,?,?,?,?,?,0.035440683,0.12888813,0.288758039,1.66180706,3.847599745,7.52659297,12.00917196,26.83616304
RandomRBF_10_1E-3_OpenML,1000000,11,1267.209401,0.006320953,0.012916088,0.014251947,0.01500392,0.019770861,0.031958103,0.038932085,0.052747011,0.050407887,0.061044931,0.198652983,0.451387882,1.993494034,4.768727779,9.268591166,15.74364901,31.05265808
BNG(hypothyroid_COMMA_nominal_COMMA_1000000)_OpenML,1000000,30,1268.606027,0.006658077,0.008467913,0.014047146,0.015522957,0.021121979,0.033850193,0.039691925,0.049531937,0.054330826,0.071796894,0.185786247,0.41253686,2.150884867,4.586924076,9.376732826,16.23471117,30.75156307
BNG(sick_COMMA_nominal_COMMA_1000000)_OpenML,1000000,30,1276.092117,0.025764227,0.009549856,0.010775089,0.014670849,0.020416975,0.028493881,0.03617692,0.044003248,0.04968214,0.060644865,0.195918083,0.444322109,2.112854958,4.907390118,9.185337305,15.59012198,31.47794819
RandomRBF_50_1E-3_OpenML,1000000,11,1295.182833,0.009250879,0.010183811,0.016102076,0.015138149,0.024701834,0.03154397,0.039523125,0.049267769,0.056007862,0.060596943,0.188694,0.430487156,1.8858459,4.657872915,9.64733386,16.4010191,31.5193131
BNG(satellite_image)_OpenML,1000000,37,1296.064306,0.006595135,0.008933783,0.010267258,0.011828899,0.021713972,0.018616199,0.036301613,0.039549828,0.039376736,0.050086021,0.141032934,0.294872046,1.492439747,3.839707136,8.263517857,15.63230515,33.01834774
BNG(heart-h_COMMA_nominal_COMMA_1000000)_OpenML,1000000,14,1297.694462,0.006691694,0.008520842,0.014186859,0.015308857,0.030176878,0.037111044,0.043287039,0.051021814,0.056227922,0.062205076,0.206128836,0.472655296,1.962860107,4.476793051,9.569766283,16.1974051,31.84606981
BNG(spect_test)_OpenML,1000000,23,1303.549033,0.008234024,0.010113716,0.015197754,0.015891075,0.032180071,0.035698891,0.040817022,0.053094864,0.057830811,0.071650028,0.217149973,0.479738235,2.051011086,4.838681936,9.640819788,16.39854789,31.78129387
BNG(SPECT)_OpenML,1000000,23,1317.933909,0.007422924,0.010622025,0.014563084,0.025027752,0.034456253,0.047865868,0.059844732,0.071686983,0.069700718,0.072969913,0.232347965,0.504448175,2.039704084,5.084078074,9.663971901,16.17525506,32.41371703
BNG(kr-vs-kp_COMMA_5000_COMMA_10)_OpenML,1000000,37,1351.525687,0.007478952,0.009717941,0.011769056,0.015494823,0.024021149,0.039480925,0.047345161,0.057015896,0.072611094,0.079797029,0.233479977,0.515605927,2.42178607,5.628785133,10.49676704,17.41905403,32.20564294
BNG(kr-vs-kp_COMMA_1000_COMMA_5)_OpenML,1000000,37,1389.330513,0.007492781,0.013051987,0.021686077,0.025637865,0.031802893,0.048271894,0.05092907,0.065531015,0.079620123,0.08498311,0.249174118,0.585454702,2.393640995,5.533562899,10.39181113,17.92011499,33.39885306
BNG(kr-vs-kp_COMMA_1000_COMMA_1)_OpenML,1000000,37,1398.625955,0.007539988,0.012648821,0.012114048,0.016630173,0.024862051,0.038208008,0.041904688,0.056493759,0.07316494,0.081293821,0.22033596,0.517368078,2.42381978,5.609252214,10.90758705,18.20076895,33.25407004
BNG(Australian)_OpenML,1000000,15,1405.331116,0.006716967,0.012565136,0.01415801,0.016006947,0.034472942,0.040458918,0.051139116,0.056188822,0.077833891,0.076230288,0.247711897,0.554237127,2.366900921,5.424694777,10.50098157,17.52627683,34.24236917
BNG(kr-vs-kp_COMMA_1000_COMMA_10)_OpenML,1000000,37,1405.793761,0.007520676,0.009238958,0.011829138,0.015808105,0.035041094,0.036996841,0.053680182,0.065125227,0.070027113,0.082607746,0.233388186,0.548774004,2.152282715,5.27553606,11.4601481,18.78552413,32.99425721
BNG(kr-vs-kp_COMMA_5000_COMMA_5)_OpenML,1000000,37,1420.720341,0.007308006,0.010130882,0.013826132,0.016951799,0.031759977,0.042625904,0.046559334,0.058835983,0.073204041,0.079847813,0.249789953,0.546895027,2.504998922,5.760040045,11.07292509,18.64567709,33.65949082
BNG(kr-vs-kp_COMMA_5000_COMMA_1)_OpenML,1000000,37,1446.844088,0.006812811,0.00908494,0.013538837,0.015645981,0.024411917,0.037653923,0.045086861,0.065413713,0.073715925,0.092073917,0.238850832,0.525448084,2.452122927,5.463709831,10.9623239,17.94297504,35.2739079
BNG(primary-tumor)_OpenML,1000000,18,1469.862742,0.008311033,0.009099007,0.013031244,0.014748096,0.024973154,0.053905249,0.059448004,0.055383682,0.061000109,0.075120211,0.224159956,0.510669947,2.467185974,6.071789026,11.34447694,18.70182896,35.24752212
BNG(labor_COMMA_nominal_COMMA_1000000)_OpenML,1000000,17,1486.523615,0.006138086,0.007961988,0.013464212,0.016091824,0.027982235,0.038243055,0.050965071,0.061254978,0.070608139,0.078617811,0.247967958,0.539074659,2.424798012,5.83277607,11.00302839,18.1105721,36.53086901
BNG(kr-vs-kp_COMMA_10000_COMMA_1)_OpenML,1000000,37,1494.852262,0.007117987,0.012125969,0.011600971,0.018970728,0.024435997,0.045067072,0.04914999,0.059934855,0.076501846,0.081826687,0.247727156,0.54554081,2.54026103,5.777773857,11.4569757,18.95236588,36.05480504
BNG(waveform-5000_COMMA_nominal_COMMA_1000000)_OpenML,1000000,41,1504.55025,0.007254124,0.010539055,0.011852026,0.016786814,0.027117968,0.035998821,0.047056198,0.066843033,0.070760965,0.080397129,0.251110077,0.623438835,2.575273991,5.975357294,11.08818293,18.9577229,36.53958511
BNG(solar-flare)_OpenML,1000000,13,1519.295231,0.005876064,0.007823944,0.009416819,0.013386965,0.021181822,0.027653217,0.036042929,0.052158833,0.056792974,0.064250946,0.251343012,0.575196743,2.346725225,6.142179012,10.80919409,17.85751987,37.93960881
BNG(credit-a_COMMA_nominal_COMMA_1000000)_OpenML,1000000,16,1532.622127,0.006878853,0.010367155,0.012791634,0.016098022,0.026300907,0.043343067,0.052340984,0.064869881,0.074681997,0.092291117,0.261302948,0.59876585,2.408780813,6.218160868,11.53648877,19.31395817,37.086869
BNG(heart-c_COMMA_nominal_COMMA_1000000)_OpenML,1000000,14,1576.574484,?,?,?,?,?,?,?,?,?,0.063839674,0.251510143,0.558846951,1.951967955,4.795635939,9.543499947,16.22782278,32.87869811
BNG(vehicle_COMMA_nominal_COMMA_1000000)_OpenML,1000000,19,1621.463945,0.008924961,0.008792639,0.014630079,0.015416145,0.023898125,0.033594847,0.046298027,0.050642014,0.062355995,0.069985867,0.256022692,0.617832184,2.500360966,6.320980072,11.60324788,19.79113078,40.03212619
BNG(heart-statlog_COMMA_nominal_COMMA_1000000)_OpenML,1000000,14,1638.628606,0.008731127,0.011833906,0.015187979,0.028211117,0.045789957,0.053645849,0.066529036,0.084173918,0.09256196,0.114099979,0.307958841,0.687584162,2.82275486,6.579238176,12.27719784,20.35664105,39.90222216
BNG(kr-vs-kp)_OpenML,1000000,37,1692.121571,?,?,?,?,?,?,?,?,?,0.110883236,0.232517004,0.536367893,2.558226109,5.485251904,10.98435116,18.27486205,34.63411379
BNG(zoo)_OpenML,1000000,17,1713.343147,0.00598979,0.009255886,0.024840117,0.017237902,0.028258085,0.042188883,0.056860924,0.074768782,0.080761909,0.101736784,0.315850019,0.767181158,2.911451817,6.99478817,12.67248988,22.08663726,41.20456409
BNG(lymph_COMMA_nominal_COMMA_1000000)_OpenML,1000000,19,1720.755844,0.007189035,0.012626171,0.014483929,0.016892195,0.036025047,0.041947842,0.054621935,0.061759949,0.069349289,0.089937925,0.29369235,0.686850071,3.148048878,6.925550222,11.84668231,21.2313478,42.45293689
BNG(lymph_COMMA_5000_COMMA_10)_OpenML,1000000,19,1737.318192,0.008328915,0.011026859,0.013781071,0.018694878,0.030667067,0.052968025,0.065506935,0.086734772,0.091567993,0.099302053,0.340695143,0.76001215,2.895179033,6.808428049,13.26522279,21.87143898,42.03504992
BNG(lymph_COMMA_1000_COMMA_1)_OpenML,1000000,19,1749.869518,0.008360863,0.017673969,0.02392602,0.018507719,0.034840107,0.058083773,0.064834118,0.08958292,0.090446949,0.099869967,0.323395729,0.728189945,3.299189091,7.19466877,13.71217513,20.39415097,43.13783383
BNG(segment)_OpenML,1000000,20,1755.437046,?,?,?,?,?,?,?,?,?,0.05562377,0.201086998,0.447629213,2.254523993,6.060292959,11.07177114,19.6005342,35.45076895
BNG(lymph_COMMA_5000_COMMA_5)_OpenML,1000000,19,1769.216382,0.007204771,0.009810925,0.01305604,0.017760992,0.029118061,0.05402422,0.062698126,0.080535173,0.086891174,0.096609116,0.327325344,0.745949984,2.897956133,7.360168219,12.94504094,23.23258519,42.29428673
BNG(lymph_COMMA_1000_COMMA_5)_OpenML,1000000,19,1798.624626,0.00709796,0.009833813,0.013628006,0.01748395,0.029455185,0.055505991,0.05858016,0.08189702,0.098206758,0.098551035,0.369044065,0.768698931,3.177644014,7.544387102,14.39565706,24.18859911,41.96160007
BNG(autos_COMMA_5000_COMMA_1)_OpenML,1000000,26,1922.456899,?,?,?,?,?,?,?,?,?,0.148195267,0.990437984,1.37019968,3.519276142,6.104459524,12.6256566,17.98840022,41.79330969
BNG(lymph_COMMA_1000_COMMA_10)_OpenML,1000000,19,1978.528324,0.008352041,0.01159811,0.013915062,0.018839121,0.030663967,0.056782007,0.061950207,0.084279776,0.087439775,0.099866152,0.35513711,0.782644033,3.101021051,6.969496012,15.12816787,21.91796589,50.13534617
BNG(letter_COMMA_nominal_COMMA_1000000)_OpenML,1000000,17,2018.412076,?,?,?,?,?,?,?,?,?,0.104496956,0.337357044,0.73629117,3.100797176,6.912302017,13.16222119,21.24347687,41.66345382
BNG(lymph_COMMA_10000_COMMA_1)_OpenML,1000000,19,2019.191702,0.007474899,0.010514975,0.016680002,0.01925993,0.029702902,0.054481745,0.064952135,0.092436075,0.08796978,0.110133171,0.354014874,0.755367994,3.168031931,7.556459188,16.03762794,25.98286891,48.26522994
BNG(lymph)_OpenML,1000000,19,2030.940194,0.007567167,0.01086998,0.01897788,0.022806883,0.035691023,0.060127974,0.074345112,0.090334892,0.096846104,0.122830153,0.419813871,0.873168945,3.205475807,7.66420579,16.36591101,26.85351396,47.94510198
BNG(vowel)_OpenML,1000000,13,2117.203393,0.008471727,0.014322996,0.021392822,0.027016878,0.04703784,0.079716206,0.131444931,0.143335819,0.159138918,0.19720912,0.47621727,1.102272034,4.038177013,9.314251184,17.28398108,26.84274983,50.25716209
BNG(lymph_COMMA_5000_COMMA_1)_OpenML,1000000,19,2147.072453,0.007697821,0.014952898,0.015691996,0.021753073,0.03493619,0.060420036,0.071837187,0.092967272,0.120710135,0.105670929,0.336147785,0.731075764,3.059111834,7.968328953,15.81099081,25.46339607,53.46125889
RandomRBF_10_1E-4_OpenML,1000000,11,2391.132895,?,?,?,?,?,?,?,?,?,0.277591944,1.011121988,1.636804342,4.670008421,9.114437819,17.12923956,26.16014194,49.29476738
BNG(anneal.ORIG_COMMA_nominal_COMMA_1000000)_OpenML,1000000,39,2509.791025,0.006833792,0.009419203,0.012858868,0.019015074,0.038970709,0.060979843,0.073714018,0.079456091,0.089509964,0.123791933,0.500402927,1.173130035,4.824749947,11.23663378,21.50371289,36.11151004,55.96039081
BNG(trains)_OpenML,1000000,33,2601.230857,?,?,?,?,?,?,?,?,?,0.166077852,0.395956993,0.819648981,3.498816729,6.869831085,14.02877522,26.28885007,55.13792801
BNG(mfeat-karhunen_COMMA_nominal_COMMA_1000000)_OpenML,1000000,65,2651.485565,0.008748055,0.012803078,0.01947403,0.034364223,0.038585901,0.074673891,0.086678982,0.093858004,0.128484726,0.136721849,0.421789885,0.880310059,4.807219028,9.514306068,20.53394699,33.42372203,64.1463449
BNG(hepatitis_COMMA_nominal_COMMA_1000000)_OpenML,1000000,20,2748.600957,?,?,?,?,?,?,?,?,?,0.351695299,1.366244555,2.405749083,6.515849352,11.74271107,20.81852436,29.1386857,57.41490746
BNG(kr-vs-kp_COMMA_10000_COMMA_10)_OpenML,1000000,37,2881.059856,?,?,?,?,?,?,?,?,?,0.42825532,1.625080347,3.975075006,8.015152454,13.71885538,21.12825227,33.32993722,59.83568525
BNG(pendigits_COMMA_nominal_COMMA_1000000)_OpenML,1000000,17,2886.394209,0.00802803,0.013186216,0.02015996,0.025800943,0.047559977,0.069350958,0.081932068,0.138440847,0.156505823,0.19040513,0.690409899,1.574114799,4.885898829,12.39361119,23.30363917,39.00974417,67.08417988
BNG(kr-vs-kp_COMMA_10000_COMMA_5)_OpenML,1000000,37,2929.648931,?,?,?,?,?,?,?,?,?,0.268014669,1.134736061,2.022886038,5.971838236,12.00649524,21.62422514,31.67835069,60.33011937
BNG(autos_COMMA_10000_COMMA_5)_OpenML,1000000,26,3135.02647,0.007590055,0.023927927,0.014505863,0.016311646,0.020534039,0.030277967,0.041531086,0.041218996,0.045670033,0.052914143,0.16071105,0.39946413,2.562865019,12.53120589,22.97895718,37.47858405,77.64391994
BNG(audiology_COMMA_1000_COMMA_1)_OpenML,1000000,70,3287.945463,0.007815838,0.019505262,0.070389032,0.083506107,0.174688816,0.267407894,0.196592093,0.232731819,0.222156048,0.481807232,0.811187029,2.378684998,6.740991831,15.31147504,27.55782604,40.42837906,78.41229916
BNG(audiology_COMMA_5000_COMMA_5)_OpenML,1000000,70,3427.13784,0.007646084,0.023509026,0.069506168,0.090713978,0.1725142,0.282561064,0.367021084,0.196735859,0.20950985,0.403677225,0.847291231,2.235401154,6.688255072,15.33487892,28.43910408,41.89710712,82.24710298
BNG(audiology_COMMA_5000_COMMA_1)_OpenML,1000000,70,3474.138604,0.010013342,0.019715786,0.058096886,0.092782974,0.176168919,0.307122231,0.237312555,0.21350503,0.213746071,0.39545393,0.802365065,2.218509912,6.773060799,15.2285912,28.27897215,40.19068408,85.26089215
BNG(audiology_COMMA_1000_COMMA_10)_OpenML,1000000,70,3681.099674,0.008327007,0.021503925,0.05988884,0.084784031,0.187940121,0.282531023,0.206163168,0.204483032,0.218688011,0.373994112,0.912295103,2.618093729,7.331223011,14.50867677,27.14500213,41.29496384,93.0748179
pokerhand_OpenML,829201,11,3760.147188,?,?,?,?,?,?,?,?,?,0.294048309,1.49321866,2.424209356,7.83940649,17.0808816,30.15648699,42.30949497,97.5011313
BNG(ionosphere)_OpenML,1000000,35,3831.053789,0.006711245,0.00894928,0.016622782,0.017668724,0.038616657,0.061210871,0.065988779,0.07488513,0.078181982,0.100305319,0.485938311,0.957726002,5.463312864,12.55674076,28.65364194,42.43533278,97.56986427
BNG(lymph_COMMA_10000_COMMA_5)_OpenML,1000000,19,4022.230793,0.010760784,0.017678261,0.020310879,0.022990704,0.045064211,0.092805147,0.103298187,0.128488779,0.132021666,0.152791977,0.444380045,1.452564001,7.219333887,16.94166899,33.98451376,49.94208789,95.60959291
BNG(sonar_COMMA_nominal_COMMA_1000000)_OpenML,1000000,61,4350.963867,0.017561913,0.012482882,0.020092249,0.024995089,0.051387787,0.059619904,0.093652964,0.182034731,0.311647892,0.280165911,0.871260881,1.724889994,6.882286072,22.36328793,34.21791101,46.95971203,108.5069001
BNG(lymph_COMMA_10000_COMMA_10)_OpenML,1000000,19,4357.129787,?,?,?,?,?,?,?,?,?,0.560700417,2.017511606,2.707614899,8.85779357,18.78674579,32.16329169,45.21434522,90.90023804
CovPokElec_OpenML,1455525,73,4891.837341,0.00837779,0.019030809,0.01812911,0.023014069,0.032146931,0.04052496,0.052748919,0.054864883,0.053402185,0.065943003,0.237297058,0.627845049,3.847343922,13.56363535,24.63971305,42.02480984,81.7940979
BNG(bridges_version1_COMMA_nominal_COMMA_1000000)_OpenML,1000000,13,5230.887932,?,?,?,?,?,?,?,?,?,160.4567969,1161.718812,1262.661114,674.3178639,636.8983688,899.2614722,637.5862916,975.0875432
BNG(zoo_COMMA_nominal_COMMA_1000000)_OpenML,1000000,18,5464.323908,0.382441998,0.8134799,0.487409115,0.553571701,1.070092201,1.643831968,0.965307951,0.990460873,1.213382959,0.853167057,2.355818033,3.891745806,13.1991601,25.42589903,46.91998291,75.06637716,125.7161772
BNG(satimage)_OpenML,1000000,37,5538.83076,0.007456064,0.027125835,0.032058954,0.024814129,0.056423903,0.069146156,0.086071014,0.093922138,0.117599964,0.133491993,0.439852238,1.276496887,6.618607044,18.95592403,48.98138285,70.56371593,130.8997109
BNG(dermatology_COMMA_nominal_COMMA_1000000)_OpenML,1000000,35,6398.441241,0.007132769,0.017773151,0.02472496,0.026795626,0.053583145,0.091339111,0.104119062,0.126421928,0.145673037,0.218612194,0.607707977,1.813451052,4.115192175,14.27360106,43.41311097,112.434922,139.3431721
BNG(mfeat-zernike_COMMA_nominal_COMMA_1000000)_OpenML,1000000,48,7076.561818,0.008372784,0.016043186,0.022653103,0.032843828,0.079045057,0.1547153,0.192478895,0.269018173,0.288767099,0.346033812,1.237004042,3.155680895,13.6561451,28.35531688,55.38326979,85.99472094,172.1305759
BNG(audiology_COMMA_1000_COMMA_5)_OpenML,1000000,70,7389.223431,?,?,?,?,?,?,?,?,?,0.570594311,4.324246645,9.77593112,20.95334864,44.8335197,66.33430004,83.73480296,149.9094629
BNG(audiology_COMMA_5000_COMMA_10)_OpenML,1000000,70,7948.901499,?,?,?,?,?,?,?,?,?,1.777250528,4.225530148,11.69725394,23.99137831,44.67445588,66.88937044,87.28975821,165.762615
BNG(letter_COMMA_5000_COMMA_10)_OpenML,1000000,17,?,?,?,?,?,?,?,?,?,?,85.59620881,908,3165,24451,79012,0,0,0
BNG(letter_COMMA_5000_COMMA_1)_OpenML,1000000,17,?,?,?,?,?,?,?,?,?,?,49.45003295,?,?,?,?,?,?,?
BNG(anneal_COMMA_1000_COMMA_5)_OpenML,1000000,39,?,?,?,?,?,?,?,?,?,?,48.40248823,?,?,?,?,?,?,?
BNG(anneal.ORIG_COMMA_5000_COMMA_1)_OpenML,1000000,39,?,?,?,?,?,?,?,?,?,?,40.82856774,?,?,?,?,?,?,?
Buzzinsocialmedia_Twitter_OpenML,583250,78,?,?,?,?,?,?,?,?,?,?,48.65900421,?,?,?,?,?,?,?
creditcard_OpenML,284807,30,?,?,?,?,?,?,?,?,?,?,48.39583325,?,?,?,?,?,?,?
KDDCup99_full_OpenML,?,?,?,?,?,?,?,?,?,?,?,?,0.324986696,272.4460492,1016.687768,?,?,?,?,?
BNG(anneal)_OpenML,1000000,39,?,0.067466736,0.011725187,0.016236782,0.026458025,5.565508127,13.87179613,,,,,,,,,,,
BNG(anneal_COMMA_5000_COMMA_5)_OpenML,1000000,39,?,0.007326126,0.074281216,0.016082287,0.026776075,5.575602055,13.44591904,,,,,,,,,,,
BNG(letter_COMMA_1000_COMMA_1)_OpenML,1000000,17,?,0.010514975,0.882546902,1.756215096,2.784568071,7.756645203,14.09258604,,,,,,,,,,,
BNG(anneal.ORIG_COMMA_1000_COMMA_1)_OpenML,1000000,39,?,0.007339954,0.010769129,0.014899015,0.020026207,0.173250914,0.675251007,2.965515852,22.95411706,,,,,,,,,
BNG(letter_COMMA_1000_COMMA_10)_OpenML,1000000,17,?,0.010848045,0.856879711,1.630935192,3.014225006,7.33013916,14.2270081,,,,,,,,,,,
BNG(anneal.ORIG_COMMA_10000_COMMA_10)_OpenML,1000000,39,?,0.062701225,0.009585857,0.014334917,0.038437843,0.042768002,0.547314882,7.636762857,1.068552017,34.17305112,,,,,,,,
BNG(credit-a)_OpenML,1000000,16,?,0.011009932,0.008518219,0.014188051,1.608510017,5.622066021,13.230829,,,,,,,,,,,
BNG(hepatitis)_OpenML,1000000,20,?,0.006910086,0.009427786,0.014713049,0.028432131,5.599210978,5.038942099,20.75073576,,,,,,,,,,
BNG(Ailerons)_OpenML,1000000,41,?,0.006489754,0.010576963,0.014875889,1.398996115,5.365828037,13.37128234,,,,,,,,,,,
BNG(mfeat-fourier_COMMA_nominal_COMMA_1000000)_OpenML,1000000,77,?,0.007995129,0.019891024,0.047244787,0.033084869,0.216232777,0.385925055,0.440870047,0.551076651,0.256695747,0.303193808,2.525043011,5.563074112,34.53392005,59.78357792,88.74485493,132.1312349,370.445817
BNG(page-blocks)_OpenML,295245,11,?,0.006136894,0.009311914,0.011103153,0.013451576,0.022141933,0.037752867,0.050240993,0.062690973,0.108799934,0.097158194,283.2439821,,,,,,
BNG(labor)_OpenML,1000000,17,?,0.007835865,0.019846678,0.028009892,0.054896832,0.182688951,0.142852068,2.070776939,1.452254057,1.579106092,3.007310867,111.0707059,215.201509,,,,,
BNG(JapaneseVowels)_OpenML,1000000,15,?,0.537964106,0.940101147,1.613484144,2.731122255,7.076787949,14.05505395,,,,,,,,,,,
BNG(wine)_OpenML,1000000,14,?,0.00582099,0.018281937,1.279897213,2.521355152,6.651172876,13.96896911,,,,,,,,,,,
BNG(pharynx)_OpenML,1000000,11,?,0.008409262,0.010791063,1.19174099,2.336654902,7.411959171,13.79484105,,,,,,,,,,,
BNG(anneal.ORIG_COMMA_10000_COMMA_1)_OpenML,1000000,39,?,0.006608963,0.009710073,0.022588253,0.118206978,0.139710903,2.464429855,1.041604042,19.95422292,,,,,,,,,
BNG(letter_COMMA_10000_COMMA_5)_OpenML,1000000,17,?,0.01114893,0.656768084,1.711524963,3.010165215,7.253390074,14.01976991,,,,,,,,,,,
BNG(anneal.ORIG)_OpenML,1000000,39,?,0.009474993,0.011521101,0.089280128,0.036113024,0.04005003,0.182543039,6.462336063,27.85189676,,,,,,,,,
BNG(colic.ORIG_COMMA_nominal_COMMA_1000000)_OpenML,1000000,28,?,0.006674051,0.574378967,1.318290949,2.750699997,6.79103899,13.7537899,,,,,,,,,,,
BNG(anneal_COMMA_10000_COMMA_1)_OpenML,1000000,39,?,0.006534815,0.07683897,0.013788939,0.026216984,5.535666943,13.23048091,,,,,,,,,,,
BNG(soybean)_OpenML,1000000,36,?,0.014053106,0.808785915,1.566919088,2.867471933,7.344223976,13.9636898,,,,,,,,,,,
Click_prediction_small_OpenML,399482,12,?,0.005930185,0.009399891,0.010212183,0.014393091,0.026150227,0.033261061,0.060791969,0.076001883,0.073158026,0.080316782,0.315759182,0.544102192,3.50100708,7.359719992,48571.51964,,
poker-hand_OpenML,1025000,11,?,0.497196198,0.96193099,1.822689056,3.081612825,7.539420843,14.40372777,,,,,,,,,,,
BNG(heart-c)_OpenML,1000000,14,?,0.006219149,0.011049032,0.906733036,2.121845007,6.508029938,13.32197022,,,,,,,,,,,
BNG(credit-g)_OpenML,1000000,21,?,0.062439919,0.018034935,0.012286901,0.019881964,0.045460939,0.067121744,20.54703593,,,,,,,,,,
BNG(anneal.ORIG_COMMA_5000_COMMA_5)_OpenML,1000000,39,?,0.046914101,0.01183176,0.017553329,0.050500154,0.093004942,0.251913786,7.764744997,27.07386994,,,,,,,,,
BNG(anneal.ORIG_COMMA_5000_COMMA_10)_OpenML,1000000,39,?,0.007169962,0.011049986,0.019886017,0.107167006,0.143615007,0.212712049,0.885110855,1.163285017,33.80720186,,,,,,,,
BNG(vehicle)_OpenML,1000000,19,?,0.028157234,0.010907888,0.014336109,0.013818979,0.032525063,0.043264627,0.06038022,0.076747894,0.079109192,0.084051371,286.1165712,,,,,,
BNG(anneal_COMMA_10000_COMMA_10)_OpenML,1000000,39,?,0.013922215,0.021484137,0.017282009,0.038737059,5.43642211,13.43054628,,,,,,,,,,,
BNG(anneal_COMMA_1000_COMMA_1)_OpenML,1000000,39,?,0.006835938,0.012089968,0.016409159,0.028923988,5.420106888,13.09024,,,,,,,,,,,
BNG(letter_COMMA_5000_COMMA_5)_OpenML,1000000,17,?,0.012192965,0.732738018,1.755314112,2.978070021,7.766291857,13.82901907,,,,,,,,,,,
BNG(mfeat-karhunen)_OpenML,1000000,65,?,0.008225918,0.012281179,1.334617138,2.927941084,7.432792902,13.68702197,,,,,,,,,,,
BNG(anneal_COMMA_5000_COMMA_10)_OpenML,1000000,39,?,0.007908106,0.012383938,0.014642,0.03268218,5.456674099,13.19289112,,,,,,,,,,,
BNG(letter)_OpenML,1000000,17,?,0.009896278,0.73982954,1.57246995,2.930464029,7.315275192,13.83518314,,,,,,,,,,,
BNG(waveform-5000)_OpenML,1000000,41,?,0.013786793,0.846308708,1.853506088,3.039731979,7.769641876,14.44240999,,,,,,,,,,,
BNG(cholesterol)_OpenML,1000000,14,?,0.006811142,0.012659788,0.041967869,2.478193045,6.637573719,13.41718221,,,,,,,,,,,
BNG(anneal.ORIG_COMMA_1000_COMMA_5)_OpenML,1000000,39,?,0.061589956,0.011245728,0.013899088,0.104530334,0.064182997,2.88091588,10.21660423,,,,,,,,,,
BNG(anneal.ORIG_COMMA_1000_COMMA_10)_OpenML,1000000,39,?,0.007357836,0.010013103,0.087194204,0.104915142,0.040995836,0.390197992,0.815024853,1.455044031,34.48722625,,,,,,,,
BNG(letter_COMMA_1000_COMMA_5)_OpenML,1000000,17,?,0.011116743,0.781401157,1.714873075,2.988994837,7.650842905,14.34489107,,,,,,,,,,,
BNG(anneal_COMMA_5000_COMMA_1)_OpenML,1000000,39,?,0.017601967,0.010108948,0.013429165,0.026216984,5.608328104,13.31394696,,,,,,,,,,,
BNG(dermatology)_OpenML,1000000,35,?,0.230087996,0.953028202,1.850274086,3.166457891,7.680804968,14.32262897,,,,,,,,,,,
BNG(colic.ORIG)_OpenML,1000000,28,?,0.006640673,0.008234978,0.012633085,0.01605916,0.031346083,0.05479598,1.271467924,17.8358171,,,,,,,,,
BNG(colic)_OpenML,1000000,23,?,0.006999969,0.137307882,1.314543009,2.846539021,6.957052946,14.06784797,,,,,,,,,,,
BNG(anneal_COMMA_1000_COMMA_10)_OpenML,1000000,39,?,0.006468058,0.010017872,0.016570091,0.029525995,5.486875772,13.25182486,,,,,,,,,,,
BNG(eucalyptus)_OpenML,1000000,20,?,0.007315874,0.007012129,0.082522154,0.009902239,0.015300989,0.022486925,0.045177698,0.026926279,0.038680077,0.077184916,0.307511806,974.6697481,,,,,
BNG(bridges_version1)_OpenML,1000000,13,?,0.006690025,0.009688139,0.010697842,0.012319088,0.02793479,0.04864502,0.068979263,0.092278004,0.507835865,22.87140512,239.2216911,,,,,,
BNG(letter_COMMA_10000_COMMA_10)_OpenML,1000000,17,?,0.018939972,0.722077847,1.773601055,2.995321989,7.309381962,14.02713084,,,,,,,,,,,
KDDCup99_OpenML,494020,42,?,0.00735569,0.018095255,0.020621061,0.014503002,0.01782608,0.030816078,0.053955078,0.052392006,0.083039999,0.092458963,0.298665047,208.408241,,,,,
BNG(letter_COMMA_10000_COMMA_1)_OpenML,1000000,17,?,0.011659145,0.699585915,1.622278929,2.968384027,7.387125015,13.98563719,,,,,,,,,,,
BNG(mushroom)_OpenML,1000000,23,?,0.225717068,0.818912983,1.518952847,2.887956142,7.238503933,13.57836795,,,,,,,,,,,
BNG(heart-statlog)_OpenML,1000000,14,?,0.008288145,0.015187025,1.070770025,2.331123829,6.831966877,13.40001202,,,,,,,,,,,
BNG(adult)_OpenML,1000000,15,?,0.006117105,0.077425957,0.09201622,0.011579037,0.020402908,0.030773163,0.036197901,0.041450977,0.042827129,0.061403036,0.188739061,0.484480143,141.549783,67071.42301,,,
BNG(anneal.ORIG_COMMA_10000_COMMA_5)_OpenML,1000000,39,?,0.092157841,0.02408886,0.129497051,0.161450863,0.135138035,4.00545001,1.224228144,6.085927963,49.211514,,,,,,,,
BNG(autos_COMMA_nominal_COMMA_1000000)_OpenML,1000000,26,?,0.048491001,0.076046705,0.112429857,0.142039776,0.593466997,1.011942148,1.058904171,2.243159056,3.080379009,2.852278948,5.746960878,12.70082927,61.27326894,129.8336308,338.1659539,,
BNG(optdigits)_OpenML,1000000,65,?,0.217119932,0.820781946,0.829869986,0.749649048,2.024225235,16.16944695,,,,,,,,,,,
BNG(wine_quality)_OpenML,531441,12,?,0.057293177,0.854146719,1.762475014,3.280060053,11.22364998,,,,,,,,,,,,
BNG(anneal_COMMA_10000_COMMA_5)_OpenML,1000000,39,?,0.01013875,0.05598402,0.020387173,0.033027887,8.019212961,21.06840491,,,,,,,,,,,
BNG(colic_COMMA_nominal_COMMA_1000000)_OpenML,1000000,23,?,0.008548975,0.024727821,0.018513203,0.033510923,0.048805714,0.089049101,0.088943005,0.097309113,0.126675367,0.138173103,0.582217932,1.558203936,6.810099125,14.44716597,27.742028,1050.30478,
BNG(credit-g_COMMA_nominal_COMMA_1000000)_OpenML,1000000,21,?,0.008759737,0.011451244,0.031922817,0.037943125,0.057025909,0.130300045,0.200357199,0.124851942,0.200680971,0.213907003,0.544121027,1.550288677,4.666432142,10.28884315,975.374316,,
BNG(wisconsin)_OpenML,1000000,33,?,0.006500959,0.00825119,0.00826478,0.010910034,0.042195082,0.017475128,0.032057047,0.033563137,0.05111289,0.614519119,0.148195982,0.333715916,2.416413784,3482.583746,,,
BNG(puma32H)_OpenML,1000000,33,?,0.005982876,0.010473967,0.010647058,0.012585163,0.017030001,0.018964052,0.048149109,0.053143024,0.071229219,0.084973097,237.2410839,,,,,,
20_newsgroups.drift_OpenML,399940,1001,?,0.009613991,0.881638765,1.652428627,2.942753077,7.003352165,13.60183477,,,,,,,,,,,
BNG(cylinder-bands_COMMA_nominal_COMMA_1000000)_OpenML,1000000,40,?,0.061165094,0.009716034,0.012673855,0.016382933,0.034712076,0.060730934,18.72354627,,,,,,,,,,
BNG(anneal_COMMA_nominal_COMMA_1000000)_OpenML,1000000,39,?,0.007479191,0.014704943,0.040758133,0.037485123,0.424460888,0.643958807,0.549578905,0.982058048,1.004310131,1.807804108,8.733839989,17.70462632,49.42729115,175.7853808,275.1099901,,
BNG(bridges_version2_COMMA_nominal_COMMA_1000000)_OpenML,1000000,13,?,0.008375883,0.906396866,1.750801802,2.842187166,7.029442072,13.99379206,,,,,,,,,,,
BNG(elevators)_OpenML,1000000,19,?,0.008411884,0.009474039,0.085008144,1.848628044,5.502032995,13.36562371,,,,,,,,,,,
BNG(cleveland)_OpenML,1000000,14,?,0.006533861,0.011011839,0.859334946,0.26510191,6.653074265,13.4641099,,,,,,,,,,,